family_id,role,label,era,default_lane,default_scope,observed_template_count,historical_tg_count,has_historical_result_pair,triage,decision,shelf,paired_result_family,review_note,observed_template_ids
ONLINE_BANNER,ONLINE,ONLINE banner,0,,MUSEUM_OR_OPS_ONLY,1,3533,False,"{""KEEP"": 1}",NOT_A_MONEY_FAMILY,,,,ONLINE__d9e9fb9e227f
FIRE_EMERGINDO,FIRE,FIRE EMERGINDO (forming color),0,MONEY,CANDIDATE_LIVE_FIRE,1,0,False,"{""KEEP"": 1}",PENDING_REVIEW,,,,FIRE_EMERGINDO
OPS_ALERTA_FORMACAO,OPS,OPS ALERTA formação,0,,MUSEUM_OR_OPS_ONLY,1,0,False,"{""KEEP"": 1}",NOT_A_MONEY_FAMILY,,,,OPS_ALERTA_FORMACAO
FIRE_CONFIRMED_ENTER,FIRE,FIRE confirmed ENTER NOW,1,MONEY,CANDIDATE_LIVE_FIRE,1,13,False,"{""KEEP"": 1}",PENDING_REVIEW,,,,FIRE__f8176929df90
FIRE_SOLO_ELITE_ENTER,FIRE,FIRE SOLO ELITE,1,MONEY,CANDIDATE_LIVE_FIRE,1,11228,True,"{""KEEP"": 1}",PENDING_REVIEW,,,,FIRE__1bc98bfe92f5
FIRE_GOLDEN_ENTER,FIRE,FIRE GOLDEN ENTER NOW,1,MONEY,CANDIDATE_LIVE_FIRE,1,2964,True,"{""KEEP"": 1}",PENDING_REVIEW,,,,FIRE__28fcc45f0d48
FIRE_SEQUENCE_ENTER,FIRE,FIRE SEQUENCE ENTER NOW,1,MONEY,CANDIDATE_LIVE_FIRE,1,109,True,"{""KEEP"": 1}",PENDING_REVIEW,,,,FIRE__704f4f1d66e0
FIRE_PLATINUM_ENTER,FIRE,FIRE PLATINUM,1,MONEY,CANDIDATE_LIVE_FIRE,1,1377,False,"{""KEEP"": 1}",PENDING_REVIEW,,,,FIRE__6aa6422db701
RESULT_AUTO_TIE,RESULT,RESULT AUTO TIE banner,1b,,CANDIDATE_RESULT_PAIR,2,1295,False,"{""KEEP"": 2}",PENDING_REVIEW,,,,RESULT__c8aaad676f85;RESULT__374be32ecf3c
RESULT_WIN_TIER,RESULT,RESULT WIN — kind,1b,,CANDIDATE_RESULT_PAIR,8,10904,False,"{""KEEP"": 8}",PENDING_REVIEW,,,,RESULT__4df1c26e3a94;RESULT__90975b735ef3;RESULT__4af1be1223b5;RESULT__44032f82ec5b;RESULT__9d8b7e96e354;RESULT__260e78148d63;RESULT__e2d8369d7510;RESULT__93fe56ca2b7c
RESULT_LOSS_TIER,RESULT,RESULT LOSS — kind,1b,,CANDIDATE_RESULT_PAIR,7,2961,False,"{""KEEP"": 7}",PENDING_REVIEW,,,,RESULT__ea8d934011aa;RESULT__aa350169324f;RESULT__525e0b14b445;RESULT__af35e3ffc0af;RESULT__0de555cff5df;RESULT__86eb9b3c30d6;RESULT__3d50278a985c
FIRE_GALE_ENTRE_NOVAMENTE,FIRE,FIRE gale Entre novamente,1b,MONEY,CANDIDATE_LIVE_FIRE,2,402,False,"{""KEEP"": 2}",PENDING_REVIEW,,,,UNKNOWN__9d8fd7f8e45b;UNKNOWN__cad4bacda090
RESULT_EMPATE,RESULT,RESULT EMPATE — kind,1b,,CANDIDATE_RESULT_PAIR,7,675,False,"{""KEEP"": 7}",PENDING_REVIEW,,,,RESULT__25c56ccac14b;RESULT__1d9e92a9e895;RESULT__970cf30b971c;RESULT__ee2ce39ea640;RESULT__790b66cbd292;RESULT__08a205963222;RESULT__c66710341bbb
FIRE_GALE_RETENTATIVA,FIRE,FIRE gale RETENTATIVA,1b,MONEY,CANDIDATE_LIVE_FIRE,1,1248,True,"{""KEEP"": 1}",PENDING_REVIEW,,,,FIRE__5213ac8ea21e
RESULT_GREEN_LEGACY_G0,RESULT,RESULT GREEN legacy G0,1b,,CANDIDATE_RESULT_PAIR,1,518,False,"{""KEEP"": 1}",PENDING_REVIEW,,,,UNKNOWN__d35c3442c57a
RESULT_GREEN_LEGACY_G1,RESULT,RESULT GREEN legacy G1,1b,,CANDIDATE_RESULT_PAIR,1,141,False,"{""KEEP"": 1}",PENDING_REVIEW,,,,UNKNOWN__234f01baff90
OPS_LOSS_COOLDOWN,OPS,OPS loss cooldown,2,,MUSEUM_OR_OPS_ONLY,2,4314,False,"{""KEEP"": 2}",NOT_A_MONEY_FAMILY,,,,UNKNOWN__18e5bbc6ae06;UNKNOWN__33b28fc82382
OPS_PREALERT_FORMING,OPS,PREALERT forming,2,,MUSEUM_OR_OPS_ONLY,2,261,False,"{""KEEP"": 2}",NOT_A_MONEY_FAMILY,,,,UNKNOWN__a74ac483ae08;RESULT__a74ac483ae08
OPS_DUPLO_ELITE,OPS,OPS duplo elite,2,,MUSEUM_OR_OPS_ONLY,1,329,False,"{""KEEP"": 1}",NOT_A_MONEY_FAMILY,,,,UNKNOWN__eea647b04efb
FIRE_JANELA_TIMED,FIRE,TIMED JANELA (any N),2,COUNTDOWN,CANDIDATE_LIVE_FIRE,3,747,False,"{""KEEP"": 3}",PENDING_REVIEW,,,,UNKNOWN__15efeeab0fea;UNKNOWN__b26b2386fe78;UNKNOWN__87cbc07742fe
FIRE_ULTRA_TIE,FIRE,FIRE ULTRA TIE,2,MONEY,CANDIDATE_LIVE_FIRE,1,6,False,"{""KEEP"": 1}",PENDING_REVIEW,,,,RESULT__d8e591e8e264
OPS_TRIPLE_LOCK,OPS,OPS triple lock,2,,MUSEUM_OR_OPS_ONLY,2,242,False,"{""KEEP"": 2}",NOT_A_MONEY_FAMILY,,,,UNKNOWN__9e60f6b4c10b;UNKNOWN__d51e0e25a56f
OPS_SEQ_QUENTE,OPS,OPS sequência quente,3,,MUSEUM_OR_OPS_ONLY,2,1763,False,"{""KEEP"": 2}",NOT_A_MONEY_FAMILY,,,,UNKNOWN__901ae899252c;UNKNOWN__0ae91f388b18
OPS_SEQ_FRIA,OPS,OPS sequência fria,3,,MUSEUM_OR_OPS_ONLY,2,947,False,"{""KEEP"": 2}",NOT_A_MONEY_FAMILY,,,,UNKNOWN__6364f4e1b17e;UNKNOWN__4219d0466539
OPS_SEQ_EMPATES,OPS,OPS sequência empates,3,,MUSEUM_OR_OPS_ONLY,1,3945,False,"{""KEEP"": 1}",NOT_A_MONEY_FAMILY,,,,RESULT__b4c1272f8620
RESULT_TIMED_WINDOW,RESULT,RESULT timed ~Ns window,3,,CANDIDATE_RESULT_PAIR,3,638,False,"{""KEEP"": 3}",PENDING_REVIEW,,,,RESULT__14f45eb885be;RESULT__9944f1b9f64a;FIRE__9944f1b9f64a
OPS_PREALERT_3BOLT,OPS,PREALERT 3-bolt,3,,MUSEUM_OR_OPS_ONLY,1,6828,False,"{""KEEP"": 1}",NOT_A_MONEY_FAMILY,,,,UNKNOWN__5b507cd41dab
FIRE_EMPATE_DIRETO_G0,FIRE,FIRE EMPATE DIRETO G0,3,MONEY,CANDIDATE_LIVE_FIRE,2,803,False,"{""KEEP"": 2}",PENDING_REVIEW,,,,UNKNOWN__90e0f1c2c368;UNKNOWN__39214121edbe
OPS_AUDIT_360,OPS,OPS AUDIT 360,3,,MUSEUM_OR_OPS_ONLY,4,446,False,"{""KEEP"": 4}",NOT_A_MONEY_FAMILY,,,,UNKNOWN__04e038cd99e2;UNKNOWN__72f258009c59;RESULT__04e038cd99e2;RESULT__72f258009c59
FIRE_G0_DIRETO,FIRE,FIRE G0 DIRETO,3,MONEY,CANDIDATE_LIVE_FIRE,1,167,False,"{""KEEP"": 1}",PENDING_REVIEW,,,,UNKNOWN__273f5cd520e1
FIRE_PREPARE_G1,FIRE,FIRE PREPARE G1,3,MONEY,CANDIDATE_LIVE_FIRE,1,227,False,"{""KEEP"": 1}",PENDING_REVIEW,,,,UNKNOWN__4d1aaad41007
OPS_STREAK_BANNER,OPS,STREAK banner,3,,MUSEUM_OR_OPS_ONLY,8,1711,False,"{""KEEP"": 8}",NOT_A_MONEY_FAMILY,,,,UNKNOWN__7f072d83f21c;UNKNOWN__336276591ca5;UNKNOWN__0ba82ca87c49;UNKNOWN__c6218bae3b93;UNKNOWN__e9aa1fb3056b;UNKNOWN__97e650bfa30c;UNKNOWN__bf601fb97529;RESULT__e460b70a18c6
OPS_CAMADAS_DO_DIA,OPS,CAMADAS DO DIA,3,,MUSEUM_OR_OPS_ONLY,2,1658,False,"{""KEEP"": 2}",NOT_A_MONEY_FAMILY,,,,UNKNOWN__c8536276568a;UNKNOWN__01b01fc56a8a
RESULT_FLASH_WIN,RESULT,RESULT FLASH WIN,4,,CANDIDATE_RESULT_PAIR,1,14,False,"{""KEEP"": 1}",PENDING_REVIEW,,,,RESULT__b35aba4414bc
RESULT_GREEN_COMPACT_G0,RESULT,RESULT GREEN compact G0,4,,CANDIDATE_RESULT_PAIR,2,1588,False,"{""KEEP"": 2}",PENDING_REVIEW,,,,UNKNOWN__1c29ad269f3b;UNKNOWN__57a3596f384a
RESULT_GREEN_COMPACT_G1,RESULT,RESULT GREEN compact G1,4,,CANDIDATE_RESULT_PAIR,1,1674,False,"{""KEEP"": 1}",PENDING_REVIEW,,,,UNKNOWN__eafa158acf69
FIRE_COMPACT_HASH,FIRE,COMPACT SIGNAL #,5,MONEY,CANDIDATE_LIVE_FIRE,21,309,False,"{""KEEP"": 21}",PENDING_REVIEW,,,,UNKNOWN__26f06fa451eb;UNKNOWN__d4732a8c9921;UNKNOWN__5c337aa2e90b;UNKNOWN__f76d678e2099;UNKNOWN__9d91c0c9f1e0;UNKNOWN__ef131153f3cd;UNKNOWN__5dfcbbba0606;UNKNOWN__34bcf23478f6;UNKNOWN__5cfcdd92bff2;UNKNOWN__d68cecb14655;UNKNOWN__65da826874c7;UNKNOWN__7806f44ecbe5;UNKNOWN__b931ab962fac;UNKNOWN__ebe67b7183fa;UNKNOWN__cba33dfb24cf;UNKNOWN__8219332c0777;UNKNOWN__db2b094d22ad;UNKNOWN__fd9fd736bfa7;UNKNOWN__58344a3770b1;UNKNOWN__d46a55535d4d;UNKNOWN__83a89c477a2b
RESULT_COMPACT_LOSS_HASH,RESULT,COMPACT LOSS #,5,,CANDIDATE_RESULT_PAIR,1,83,False,"{""KEEP"": 1}",PENDING_REVIEW,,,,UNKNOWN__9c1a4b1cd34f
RESULT_COMPACT_WIN_HASH,RESULT,COMPACT WIN #,5,,CANDIDATE_RESULT_PAIR,1,174,False,"{""KEEP"": 1}",PENDING_REVIEW,,,,UNKNOWN__840d45706458
RESULT_COMPACT_TIE_HASH,RESULT,COMPACT TIE #,5,,CANDIDATE_RESULT_PAIR,1,12,False,"{""KEEP"": 1}",PENDING_REVIEW,,,,UNKNOWN__251f16fa7cae
FIRE_SOLO_APOSTAR,FIRE,FIRE SOLO APOSTAR AGORA,6,MONEY,CANDIDATE_LIVE_FIRE,1,82,False,"{""KEEP"": 1}",PENDING_REVIEW,,,,UNKNOWN__508cf16e9e0d
FIRE_SEQUENCE_APOSTAR,FIRE,FIRE SEQUENCE APOSTAR AGORA,6,MONEY,CANDIDATE_LIVE_FIRE,1,739,False,"{""KEEP"": 1}",PENDING_REVIEW,,,,UNKNOWN__abf57ae14408
FIRE_GOLDEN_APOSTAR,FIRE,FIRE GOLDEN APOSTAR AGORA,6,MONEY,CANDIDATE_LIVE_FIRE,1,31,False,"{""KEEP"": 1}",PENDING_REVIEW,,,,UNKNOWN__5dbd429d45e0
FIRE_PLATINUM_APOSTAR,FIRE,FIRE PLATINUM APOSTAR AGORA,6,MONEY,CANDIDATE_LIVE_FIRE,1,60,False,"{""KEEP"": 1}",PENDING_REVIEW,,,,UNKNOWN__055912b0c6cc
FIRE_FLASH_APOSTAR,FIRE,FIRE FLASH APOSTAR AGORA,6,MONEY,CANDIDATE_LIVE_FIRE,1,2,False,"{""KEEP"": 1}",PENDING_REVIEW,,,,UNKNOWN__f505eef87cb8
ONLINE_LUXURY_OUTBOX,ONLINE,ONLINE luxury outbox,6,,MUSEUM_OR_OPS_ONLY,5,50,False,"{""KEEP"": 5}",NOT_A_MONEY_FAMILY,,,,UNKNOWN__72eff21032f6;UNKNOWN__4adb753e8904;UNKNOWN__6f726b7bb7ab;UNKNOWN__e359f914c474;UNKNOWN__c3aa8f380d64
FIRE_SEQUENCIA_ENTER_NOW,FIRE,FIRE SEQUência ENTER NOW,6,MONEY,CANDIDATE_LIVE_FIRE,1,4,False,"{""KEEP"": 1}",PENDING_REVIEW,,,,FIRE__682db15e51a6
OPS_ELITE_ANALISANDO,OPS,OPS ELITE ANALISANDO,6,,MUSEUM_OR_OPS_ONLY,1,1737,False,"{""KEEP"": 1}",NOT_A_MONEY_FAMILY,,,,UNKNOWN__3b760a4b4089
OPS_DIVERGENCIA_SALAS,OPS,OPS divergência de salas,6,,MUSEUM_OR_OPS_ONLY,1,418,False,"{""KEEP"": 1}",NOT_A_MONEY_FAMILY,,,,UNKNOWN__35a1730b1880
FIRE_SINAL_RETIDO_LIBERADO,FIRE,FIRE Sinal Retido→Liberado (countdown peak),cd,COUNTDOWN,CANDIDATE_LIVE_FIRE,2,175,False,"{""KEEP"": 2}",PENDING_REVIEW,,,,FIRE__183f767de804;RESULT__183f767de804
CD_FIRE_TIMER_BRT_EDT_APOSTAR,FIRE,CD_FIRE timer BRT/EDT apostar,cd,COUNTDOWN,CANDIDATE_LIVE_FIRE,1,0,False,"{""KEEP"": 1}",PENDING_REVIEW,,,,CD_FIRE_TIMER_BRT_EDT_APOSTAR
CD_FIRE_QUANTUM_LOCK,FIRE,CD_FIRE quantum lock,cd,COUNTDOWN,CANDIDATE_LIVE_FIRE,1,0,False,"{""KEEP"": 1}",PENDING_REVIEW,,,,CD_FIRE_QUANTUM_LOCK
CD_FIRE_RUSH_NS_LEFT,FIRE,CD_FIRE rush Ns left,cd,COUNTDOWN,CANDIDATE_LIVE_FIRE,1,0,False,"{""KEEP"": 1}",PENDING_REVIEW,,,,CD_FIRE_RUSH_NS_LEFT
RESULT_FORENSIC_INTERVALO,RESULT,RESULT resumido forense (G0/G1/G2),forensic,,CANDIDATE_RESULT_PAIR,1,0,False,"{""KEEP"": 1}",PENDING_REVIEW,,,,RESULT_FORENSIC_INTERVALO
RESULT_BELL_GANHOU,RESULT,RESULT bell GANHOU/PERDEU,forensic,,CANDIDATE_RESULT_PAIR,1,883,False,"{""KEEP"": 1}",PENDING_REVIEW,,,,RESULT__e0c067cf6d0c
OPS_G1_EXPIROU,OPS,OPS G1 EXPIROU — verificar mesa,ops_result,,MUSEUM_OR_OPS_ONLY,1,27,False,"{""KEEP"": 1}",NOT_A_MONEY_FAMILY,,,,RESULT__4e1c9dedcacd
OPS_G2_MISS,OPS,OPS G2 MISS — perda total,ops_result,,MUSEUM_OR_OPS_ONLY,1,1,False,"{""KEEP"": 1}",NOT_A_MONEY_FAMILY,,,,RESULT__9c0d6a09e56d
FIRE_GOD_TIER,FIRE,FIRE GOD-TIER sync/conf,elite,MONEY,CANDIDATE_LIVE_FIRE,1,105,False,"{""KEEP"": 1}",PENDING_REVIEW,,,,FIRE__a864e514c624
FIRE_GOLDEN_ENTRE_AGORA,FIRE,FIRE GOLDEN ENTRE AGORA (PT),1,MONEY,CANDIDATE_LIVE_FIRE,1,818,False,"{""KEEP"": 1}",PENDING_REVIEW,,,,UNKNOWN__e5c427438d84
FIRE_G0_MISS_ENTRE_G1,FIRE,FIRE G0 miss → enter G1 now,1b,MONEY,CANDIDATE_LIVE_FIRE,3,329,False,"{""KEEP"": 3}",PENDING_REVIEW,,,,UNKNOWN__d3174b8944b4;UNKNOWN__43f381a0bd0b;RESULT__caa1ce8bdffe
RESULT_ORACLE_CARD,RESULT,RESULT ORACLE CARD,oracle,,CANDIDATE_RESULT_PAIR,1,0,False,"{""KEEP"": 1}",PENDING_REVIEW,,,,RESULT_ORACLE_CARD
OPS_TIE_ALERT,OPS,OPS alerta de empate / tie alert,2,,MUSEUM_OR_OPS_ONLY,5,6990,False,"{""KEEP"": 5}",NOT_A_MONEY_FAMILY,,,,RESULT__99d46411070f;RESULT__267eb0b8ca6b;RESULT__e88992b79914;RESULT__6b81a93461ef;RESULT__efb078aa7d3f
OPS_CORRECAO,OPS,OPS correção / correction,ops_result,,MUSEUM_OR_OPS_ONLY,1,339,False,"{""KEEP"": 1}",NOT_A_MONEY_FAMILY,,,,UNKNOWN__fb2ebad038a3
OPS_JANELA_PRIME,OPS,OPS janela prime — sinais ativos,cd,,MUSEUM_OR_OPS_ONLY,2,359,False,"{""KEEP"": 2}",NOT_A_MONEY_FAMILY,,,,UNKNOWN__af782032d8bd;RESULT__af782032d8bd
RESULT_COLOR_BANNER,RESULT,RESULT color-bar header (forensic / bell lead-in),forensic,,CANDIDATE_RESULT_PAIR,5,39377,False,"{""KEEP"": 5}",PENDING_REVIEW,,,,RESULT__50015abcc82d;UNKNOWN__bf53965c70ba;RESULT__5a8078203355;RESULT__308a433a6bf4;RESULT__e0b68677ce4f
OPS_SEQUENCE_PREDICTION,OPS,OPS SEQUENCE PREDICTION hint,ops,,MUSEUM_OR_OPS_ONLY,1,11474,False,"{""KEEP"": 1}",NOT_A_MONEY_FAMILY,,,,OPS__8f5ee3836b9b
OPS_GALE_SATURATION,OPS,OPS gale saturation / market status,ops,,MUSEUM_OR_OPS_ONLY,3,2281,False,"{""KEEP"": 3}",NOT_A_MONEY_FAMILY,,,,UNKNOWN__920f2326d81a;UNKNOWN__cba0ad28577c;UNKNOWN__3295b061e7e7
OPS_SELF_CARE_GUARD,OPS,OPS self-care guard ativo,ops,,MUSEUM_OR_OPS_ONLY,3,240,False,"{""KEEP"": 3}",NOT_A_MONEY_FAMILY,,,,UNKNOWN__c0ff932bd7a7;UNKNOWN__b917c44b518b;UNKNOWN__0b4a79081ef9
OPS_PARE_3_PERDAS,OPS,OPS pare de apostar — 3 perdas seguidas,ops,,MUSEUM_OR_OPS_ONLY,1,220,False,"{""KEEP"": 1}",NOT_A_MONEY_FAMILY,,,,UNKNOWN__379ed8f7c12d
FIRE_ENTER_NOW_GENERIC,FIRE,FIRE plain ENTER NOW (gate-era),code,MONEY,CANDIDATE_LIVE_FIRE,1,0,False,"{""KEEP"": 1}",PENDING_REVIEW,,,,FIRE_ENTER_NOW_GENERIC
FIRE_ENTRE_AGORA_GENERIC,FIRE,FIRE ENTRE AGORA (virada/streak),code,MONEY,CANDIDATE_LIVE_FIRE,4,285,False,"{""KEEP"": 4}",PENDING_REVIEW,,,,UNKNOWN__95cdceb120fb;UNKNOWN__fc0c383a0eff;UNKNOWN__98f20172c00d;RESULT__98f20172c00d
FIRE_APOSTE_AGORA,FIRE,FIRE APOSTE AGORA block,code,MONEY,CANDIDATE_LIVE_FIRE,2,6,False,"{""KEEP"": 2}",PENDING_REVIEW,,,,UNKNOWN__096acf382746;UNKNOWN__76ed88e48ba3
FIRE_G0_ENTRADA_DIRETA,FIRE,FIRE G0 entrada direta / primeira entrada,code,MONEY,CANDIDATE_LIVE_FIRE,1,0,False,"{""KEEP"": 1}",PENDING_REVIEW,,,,FIRE_G0_ENTRADA_DIRETA
FIRE_DEPTH_G0_ONLY,FIRE,FIRE depth G0 only (no retry),code,MONEY,CANDIDATE_LIVE_FIRE,1,0,False,"{""KEEP"": 1}",PENDING_REVIEW,,,,FIRE_DEPTH_G0_ONLY
FIRE_INVERTED_CONTRARIO,FIRE,FIRE inverted / contrário signal,code,MONEY,CANDIDATE_LIVE_FIRE,1,0,False,"{""KEEP"": 1}",PENDING_REVIEW,,,,FIRE_INVERTED_CONTRARIO
FIRE_ORACLE_LOCK,FIRE,FIRE ORACLE LOCK hour/color WR,code,MONEY,CANDIDATE_LIVE_FIRE,1,0,False,"{""KEEP"": 1}",PENDING_REVIEW,,,,FIRE_ORACLE_LOCK
FIRE_CERTIFIED_ELITE,FIRE,FIRE certified elite 100% G0,code,MONEY,CANDIDATE_LIVE_FIRE,1,0,False,"{""KEEP"": 1}",PENDING_REVIEW,,,,FIRE_CERTIFIED_ELITE
FIRE_GRADE_BANNER,FIRE,FIRE grade A/B historical G0 banner,code,MONEY,CANDIDATE_LIVE_FIRE,1,0,False,"{""KEEP"": 1}",PENDING_REVIEW,,,,FIRE_GRADE_BANNER
FIRE_HOT_STREAK,FIRE,FIRE hot table / win-streak banner,code,MONEY,CANDIDATE_LIVE_FIRE,1,0,False,"{""KEEP"": 1}",PENDING_REVIEW,,,,FIRE_HOT_STREAK
FIRE_DOUBLE_TIE_LOCK,FIRE,FIRE double tie lock,code,MONEY,CANDIDATE_LIVE_FIRE,1,0,False,"{""KEEP"": 1}",PENDING_REVIEW,,,,FIRE_DOUBLE_TIE_LOCK
FIRE_GALE_1_FACA_AGORA,FIRE,FIRE gale 1 — faça agora,code,MONEY,CANDIDATE_LIVE_FIRE,1,0,False,"{""KEEP"": 1}",PENDING_REVIEW,,,,FIRE_GALE_1_FACA_AGORA
OPS_DO_NOT_BET_YET,OPS,OPS do not bet yet — waiting rooms,code,,MUSEUM_OR_OPS_ONLY,1,0,False,"{""KEEP"": 1}",NOT_A_MONEY_FAMILY,,,,OPS_DO_NOT_BET_YET
OPS_PREPARE_PLATFORM,OPS,OPS prepare platform — signal in seconds,code,,MUSEUM_OR_OPS_ONLY,1,0,False,"{""KEEP"": 1}",NOT_A_MONEY_FAMILY,,,,OPS_PREPARE_PLATFORM
OPS_NEXT_CERTIFIED_WINDOW,OPS,OPS next certified window,code,,MUSEUM_OR_OPS_ONLY,1,0,False,"{""KEEP"": 1}",NOT_A_MONEY_FAMILY,,,,OPS_NEXT_CERTIFIED_WINDOW
OPS_JANELA_PEAK,OPS,OPS janela peak / max precision,code,,MUSEUM_OR_OPS_ONLY,1,2,False,"{""KEEP"": 1}",NOT_A_MONEY_FAMILY,,,,UNKNOWN__09822bd8d590
OPS_G1_REGISTRADO_CALC_G2,OPS,OPS G1 recorded — calculating G2,ops_result,,MUSEUM_OR_OPS_ONLY,1,0,False,"{""KEEP"": 1}",NOT_A_MONEY_FAMILY,,,,OPS_G1_REGISTRADO_CALC_G2
OPS_G2_STOP_IF_G1_LOST,OPS,OPS G2 (if G1 lost) → STOP,ops_result,,MUSEUM_OR_OPS_ONLY,1,0,False,"{""KEEP"": 1}",NOT_A_MONEY_FAMILY,,,,OPS_G2_STOP_IF_G1_LOST
OPS_G3_ATINGIDO,OPS,OPS G3 reached — signal closed (MAR20/21 era),ops_result,,MUSEUM_OR_OPS_ONLY,1,1,False,"{""KEEP"": 1}",NOT_A_MONEY_FAMILY,,,,RESULT__455c9045ab98
RESULT_G0_ACERTOU_PRIMEIRA,RESULT,RESULT G0 acertou de primeira,code,,CANDIDATE_RESULT_PAIR,1,0,False,"{""KEEP"": 1}",PENDING_REVIEW,,,,RESULT_G0_ACERTOU_PRIMEIRA
RESULT_GALE_RECOVERED_CHAIN,RESULT,RESULT gale recovery chain,code,,CANDIDATE_RESULT_PAIR,1,0,False,"{""KEEP"": 1}",PENDING_REVIEW,,,,RESULT_GALE_RECOVERED_CHAIN
RESULT_EMPATE_DINHEIRO_DEVOLVIDO,RESULT,RESULT empate = dinheiro devolvido,code,,CANDIDATE_RESULT_PAIR,1,0,False,"{""KEEP"": 1}",PENDING_REVIEW,,,,RESULT_EMPATE_DINHEIRO_DEVOLVIDO
RESULT_EMPATE_PROTECAO,RESULT,RESULT empate — proteção ativada,code,,CANDIDATE_RESULT_PAIR,1,0,False,"{""KEEP"": 1}",PENDING_REVIEW,,,,RESULT_EMPATE_PROTECAO
CD_RES_GREEN_G_BRT,RESULT,CD result GREEN G BRT,cd,,CANDIDATE_RESULT_PAIR,1,0,False,"{""KEEP"": 1}",PENDING_REVIEW,,,,CD_RES_GREEN_G_BRT
CD_RES_RODADAS_TEMPO,RESULT,CD result rodadas·tempo,cd,,CANDIDATE_RESULT_PAIR,1,0,False,"{""KEEP"": 1}",PENDING_REVIEW,,,,CD_RES_RODADAS_TEMPO
CD_RES_BELL_GANHOU,RESULT,CD result bell ganhou,cd,,CANDIDATE_RESULT_PAIR,1,0,False,"{""KEEP"": 1}",PENDING_REVIEW,,,,CD_RES_BELL_GANHOU
ROOM_RELAY,ROOM_RELAY,Room relay / placar,noise,,MUSEUM_OR_OPS_ONLY,8,293992,False,"{""KEEP"": 8}",NOT_A_MONEY_FAMILY,,,,RELAY_PROMO;RELAY_ANALISANDO;RELAY_GALE;RELAY_MAO;RELAY_HORARIOS;RELAY_AUTO;RELAY_OTHER;RELAY_ROOM
OPS_GATE_BLOCK_LOG,OPS,Internal gate block / momentum log line,internal,,MUSEUM_OR_OPS_ONLY,122,8626,False,"{""KEEP"": 122}",NOT_A_MONEY_FAMILY,,,,UNKNOWN__04c59acdf764;UNKNOWN__3c9235e81805;UNKNOWN__f0e66d96cd55;UNKNOWN__3d5ef291f31a;UNKNOWN__13ed1e150779;UNKNOWN__6818a20d9dc4;RESULT__6818a20d9dc4;UNKNOWN__f2416a6f8350;RESULT__2c8c466c7bee;UNKNOWN__e8186ed5d099;UNKNOWN__81e73626f515;UNKNOWN__8858be419218;UNKNOWN__02294fa741e4;RESULT__5f5dbce08f71;UNKNOWN__ed58d37c324d;UNKNOWN__3b859ed5f2b7;UNKNOWN__55de66b9fd2a;UNKNOWN__12eeddf4f06b;OPS__46e2bd205367;RESULT__5fb73737f7f7;UNKNOWN__c9fd18f6e662;RESULT__1da9624d1067;UNKNOWN__613d6c0d508e;UNKNOWN__5291f0f25c71;UNKNOWN__82f9cd163073;RESULT__4daa771989c0;RESULT__82f9cd163073;RESULT__c9fd18f6e662;RESULT__613d6c0d508e;RESULT__d6a6b5a3d245;RESULT__a9e5fe98f926;RESULT__5df7c8ef929d;RESULT__6db256e3b8d3;RESULT__b020de86a109;UNKNOWN__d21c0a73e583;UNKNOWN__1adbeba1a2f8;RESULT__5cfbc9d6d8a1;UNKNOWN__0fc4b0601194;UNKNOWN__26c33a9a915d;RESULT__81ed2298ccbc;UNKNOWN__8d7d9fcdebfe;UNKNOWN__5df7c8ef929d;UNKNOWN__1da9624d1067;UNKNOWN__950fbc400483;UNKNOWN__5fb73737f7f7;UNKNOWN__5cfbc9d6d8a1;UNKNOWN__5f5dbce08f71;UNKNOWN__4be0a7c18d12;UNKNOWN__e2f43f208dce;UNKNOWN__bebd455315ad;UNKNOWN__adbd37fa0c4f;UNKNOWN__cf50b1b0cda6;RESULT__975ed8c8285f;UNKNOWN__f5897b117a75;UNKNOWN__4651cac4c0ba;UNKNOWN__4daa771989c0;OPS__4baf9aa824f1;RESULT__4651cac4c0ba;UNKNOWN__2680668b40df;UNKNOWN__6a22f4ba2e3d;UNKNOWN__9e1d3502d913;UNKNOWN__855a21a10e42;UNKNOWN__dfcc60354b33;UNKNOWN__ac0abab6144c;UNKNOWN__2aaf805cbcf0;RESULT__19662f3d2f63;RESULT__0fdb5551eceb;UNKNOWN__08d07af60d72;RESULT__a67671ad278d;UNKNOWN__b65291338174;UNKNOWN__e8e890ca9e6f;UNKNOWN__cb99e6d6d00d;UNKNOWN__f782b5210c1c;UNKNOWN__34b25c4e42b2;UNKNOWN__1a35aa3285df;RESULT__6cc185758460;UNKNOWN__183cb050b969;UNKNOWN__4a2ecf3a8ddc;UNKNOWN__6cc185758460;UNKNOWN__e2dd36f8f96d;UNKNOWN__9ac1ef894c62;UNKNOWN__ce19b6f370ca;UNKNOWN__7c312c92a9ba;RESULT__f10239df3953;UNKNOWN__a1fa91a37413;UNKNOWN__d8ea6113b380;UNKNOWN__a8995f81c4c3;UNKNOWN__26d1c81c8ee3;UNKNOWN__4485d48d7ea1;UNKNOWN__67bfa2a71e65;UNKNOWN__d3d84fac0c59;UNKNOWN__a74f5bf486af;RESULT__3ddb1544f396;UNKNOWN__8c6a1c44006b;RESULT__0578b147c7aa;UNKNOWN__e4f6b6b00f5e;RESULT__67840abaa584;UNKNOWN__4fb492b1c64a;UNKNOWN__8859bf203b32;UNKNOWN__d6f39dfd52d2;RESULT__074282941589;RESULT__029e6ca9b92f;UNKNOWN__915e3e2c0881;UNKNOWN__db775a32a63f;RESULT__e450e2316cde;RESULT__e458b96572ef;UNKNOWN__0c43cfe8d005;UNKNOWN__b05c9f54e2a2;UNKNOWN__9766b2d4b707;UNKNOWN__3d107a7c0de3;UNKNOWN__621f6cf15b24;UNKNOWN__52db0ce4f15b;UNKNOWN__503e8fbe79b2;UNKNOWN__ab31f6241e66;UNKNOWN__5d73bfb73050;RESULT__66f2f7e9cac4;UNKNOWN__5f38710aceb9;UNKNOWN__47eeab12b6c6;UNKNOWN__d6a6b5a3d245;UNKNOWN__969d6ada20ae;UNKNOWN__6b226307fe51;RESULT__4a2ecf3a8ddc
OPS_GATE_ALLOW_LOG,OPS,Internal gate allow / bypass log line,internal,,MUSEUM_OR_OPS_ONLY,1,0,False,"{""KEEP"": 1}",NOT_A_MONEY_FAMILY,,,,OPS_GATE_ALLOW_LOG
OPS_KIND_DOWNGRADE_LOG,OPS,Internal tier downgrade log,internal,,MUSEUM_OR_OPS_ONLY,1,0,False,"{""KEEP"": 1}",NOT_A_MONEY_FAMILY,,,,OPS_KIND_DOWNGRADE_LOG
CODE_FRAGMENT,UNKNOWN,Source-code literal (not a card),internal,,MUSEUM_OR_OPS_ONLY,0,0,False,{},NOT_A_MONEY_FAMILY,,,,
OPS_G2_ATINGIDO_PARE,OPS,OPS G2 atingido — pare / signal closed,ops_result,,MUSEUM_OR_OPS_ONLY,1,560,False,"{""KEEP"": 1}",NOT_A_MONEY_FAMILY,,,,UNKNOWN__1842c2873275
FIRE_APOSTAR_EMPATE,FIRE,FIRE bet the tie (next rounds),code,MONEY,CANDIDATE_LIVE_FIRE,1,0,False,"{""KEEP"": 1}",PENDING_REVIEW,,,,FIRE_APOSTAR_EMPATE
FIRE_NAMED_EDGE_BANNER,FIRE,FIRE named formation / zone edge banner,code,MONEY,CANDIDATE_LIVE_FIRE,1,0,False,"{""KEEP"": 1}",PENDING_REVIEW,,,,FIRE_NAMED_EDGE_BANNER
OPS_NEGATIVE_WINDOW_BLOCK,OPS,OPS named bad day/hour block banner,code,,MUSEUM_OR_OPS_ONLY,1,0,False,"{""KEEP"": 1}",NOT_A_MONEY_FAMILY,,,,OPS_NEGATIVE_WINDOW_BLOCK
OPS_TIER_LEGEND,OPS,OPS tier legend / glossary line,0,,MUSEUM_OR_OPS_ONLY,8,65,False,"{""KEEP"": 8}",NOT_A_MONEY_FAMILY,,,,RESULT__f63e9ccad8a8;RESULT__36006099c2cd;RESULT__6dc2c2fc4548;UNKNOWN__6dc2c2fc4548;UNKNOWN__43bae1f2f374;UNKNOWN__cb7ebb61636e;RESULT__14fe1175f9f2;RESULT__f12d09e3c63e
FIRE_G2_RESERVE,FIRE,FIRE G2 RESERVE — always red loop,g2reserve,MONEY,CANDIDATE_LIVE_FIRE,1,0,False,"{""KEEP"": 1}",PENDING_REVIEW,,,,FIRE_G2_RESERVE
RESULT_G2_RESERVE_WIN,RESULT,RESULT G2 RESERVE recovery win,g2reserve,,CANDIDATE_RESULT_PAIR,1,0,False,"{""KEEP"": 1}",PENDING_REVIEW,,,,RESULT_G2_RESERVE_WIN
OPS_G2_RESERVE_MISS,OPS,OPS G2 RESERVE miss — chain closed,g2reserve,,MUSEUM_OR_OPS_ONLY,1,0,False,"{""KEEP"": 1}",NOT_A_MONEY_FAMILY,,,,OPS_G2_RESERVE_MISS
OPS_TIE_AUDIT,OPS,OPS tie audit report (empates),audit,,MUSEUM_OR_OPS_ONLY,1,0,False,"{""KEEP"": 1}",NOT_A_MONEY_FAMILY,,,,OPS_TIE_AUDIT
OPS_COMMAND_HELP,OPS,OPS command help / keyword glossary,help,,MUSEUM_OR_OPS_ONLY,1,0,False,"{""KEEP"": 1}",NOT_A_MONEY_FAMILY,,,,OPS_COMMAND_HELP
OPS_STAT_LINE,OPS,OPS combined WR stat line,audit,,MUSEUM_OR_OPS_ONLY,1,0,False,"{""KEEP"": 1}",NOT_A_MONEY_FAMILY,,,,OPS_STAT_LINE
OPS_RADAR_PARTIAL_CONSENSUS,OPS,OPS radar — partial consensus,radar,,MUSEUM_OR_OPS_ONLY,1,552,False,"{""KEEP"": 1}",NOT_A_MONEY_FAMILY,,,,UNKNOWN__dd268d3811f0
OPS_OPEN_PLATFORM_NOW,OPS,OPS open the platform — signal in seconds,prealert,,MUSEUM_OR_OPS_ONLY,1,24,False,"{""KEEP"": 1}",NOT_A_MONEY_FAMILY,,,,UNKNOWN__46018b1cdc49
FIRE_FLASH_CONFIRMADO,FIRE,FIRE flash confirmed,flash,COUNTDOWN,CANDIDATE_LIVE_FIRE,1,0,False,"{""KEEP"": 1}",PENDING_REVIEW,,,,FIRE_FLASH_CONFIRMADO
RESULT_AUTO_WIN,RESULT,RESULT auto-detected WIN,auto,,CANDIDATE_RESULT_PAIR,1,0,False,"{""KEEP"": 1}",PENDING_REVIEW,,,,RESULT_AUTO_WIN
RESULT_AUTO_LOSS,RESULT,RESULT auto-detected LOSS,auto,,CANDIDATE_RESULT_PAIR,1,0,False,"{""KEEP"": 1}",PENDING_REVIEW,,,,RESULT_AUTO_LOSS
OPS_AUTO_EXPIRED,OPS,OPS signal auto-expired by kind,auto,,MUSEUM_OR_OPS_ONLY,1,0,False,"{""KEEP"": 1}",NOT_A_MONEY_FAMILY,,,,OPS_AUTO_EXPIRED
RESULT_FINAL_LOSS_AFTER_G3,RESULT,RESULT final loss after G3,g3,,CANDIDATE_RESULT_PAIR,1,0,False,"{""KEEP"": 1}",PENDING_REVIEW,,,,RESULT_FINAL_LOSS_AFTER_G3
OPS_DELIVERY_WINDOW_LOG,OPS,OPS delivery-audit window line,internal,,MUSEUM_OR_OPS_ONLY,1,0,False,"{""KEEP"": 1}",NOT_A_MONEY_FAMILY,,,,OPS_DELIVERY_WINDOW_LOG
CARD_BODY_LINE,UNKNOWN,Card body fragment (not a header),internal,,MUSEUM_OR_OPS_ONLY,0,0,False,{},NOT_A_MONEY_FAMILY,,,,
