count,first_chat,role,lane,first_date_utc,first_line,tg_type_id,classified_as
460,mr_iv4,FIRE,COUNTDOWN,2026-04-21 08:24:45,⚡⚡⚡⚡⚡⚡⚡⚡⚡⚡⚡⚡,FIRE_EMPTY,UNKNOWN
378,mr_iv4,RESULT,MONEY_HINT,2026-05-18 21:45:51,🔴 📡 bacbobrasileiro01 — SOLO ELITE AI,RESULT_BANNER_TIE_BACBOBRASILEIRO01_SOLO_ELITE_A,UNKNOWN
143,mr_iv4,RESULT,MONEY_HINT,2026-05-19 16:54:38,🔴 🃏 CoringaDados — SOLO ELITE AI,RESULT_BANNER_TIE_CORINGADADOS_SOLO_ELITE_AI,UNKNOWN
98,mr_iv4,RESULT,MONEY_HINT,2026-05-06 10:43:33,▲ TOP-10 PAIRS:,RESULT_GALE_TOP_10_PAIRS,UNKNOWN
86,mr_iv4,UNKNOWN,,2026-04-03 17:48:52,🔵🔵🔵🔵🔵 AZUL 🔵🔵🔵🔵🔵,UNKNOWN_AZUL,UNKNOWN
82,mr_iv4,RESULT,MONEY_HINT,2026-05-13 10:03:50,@bacboBRL16                    ▲H17=100.0% H12=100.0% H23=77.8% ▼H22=42.9% H11=63.6% H23=77.8%,RESULT_GALE_BACBOBRL16_H17_100_0_H12_100_0_H23_77_8_,UNKNOWN
72,mr_iv4,UNKNOWN,,2026-05-05 00:39:09,@unidadosofc                     (BAC BO SEM GALE),UNKNOWN_UNIDADOSOFC_BAC_BO_SEM_GALE,UNKNOWN
68,mr_iv4,RESULT,MONEY_HINT,2026-04-20 15:36:51,🟡🟡🟡 CLUSTER DE EMPATE DETECTADO 🟡🟡🟡,RESULT_BANNER_TIE_CLUSTER_DE_EMPATE_DETECTADO,UNKNOWN
53,mr_iv4,RESULT,MONEY_HINT,2026-05-17 22:41:50,bacbobrasileiro01     +rigosinais              n= 57 WR=94.7%,RESULT_GALE_BACBOBRASILEIRO01_RIGOSINAIS_N_57_WR_94_,UNKNOWN
50,mr_iv4,RESULT,MONEY_HINT,2026-03-22 16:35:38,🟡→🎯 POST-TIE COLOR ENTRY,RESULT_BANNER_TIE_POST_TIE_COLOR_ENTRY,UNKNOWN
50,mr_iv4,UNKNOWN,,2026-04-03 17:50:46,🔴🔴🔴🔴🔴 VERMELHO 🔴🔴🔴🔴🔴,UNKNOWN_VERMELHO,UNKNOWN
49,mr_iv4,UNKNOWN,,2026-03-22 12:04:13,📊 Market Status — ❌ Loss confirmed,UNKNOWN_MARKET_STATUS_LOSS_CONFIRMED,UNKNOWN
46,mr_iv4,RESULT,MONEY_HINT,2026-05-19 19:13:51,🔵 👑 IsaDados — PLATINUM AI,RESULT_BANNER_TIE_ISADADOS_PLATINUM_AI,UNKNOWN
44,mr_iv4,RESULT,MONEY_HINT,2026-05-19 19:13:52,🔵 ⭐ rigosinais — PLATINUM AI,RESULT_BANNER_TIE_RIGOSINAIS_PLATINUM_AI,UNKNOWN
42,mr_iv4,RESULT,MONEY_HINT,2026-05-03 10:54:31,baccarat_b            +robofreebacbo24horass   n= 24 WR=91.7%,RESULT_GALE_BACCARAT_B_ROBOFREEBACBO24HORASS_N_24_WR,UNKNOWN
39,mr_iv4,RESULT,MONEY_HINT,2026-05-18 21:13:33,🔴 💎 RQDADOS1 — GOLDEN AI,RESULT_BANNER_TIE_RQDADOS1_GOLDEN_AI,UNKNOWN
39,mr_iv4,RESULT,MONEY_HINT,2026-05-18 21:13:34,🔴 💎 rqdados — GOLDEN AI,RESULT_BANNER_TIE_RQDADOS_GOLDEN_AI,UNKNOWN
38,mr_iv4,RESULT,MONEY_HINT,2026-05-09 23:53:15,@bacboBRL16                    ▲H17=100.0% H12=100.0% H23=80.0% ▼H11=75.0% H23=80.0% H12=100.0%,RESULT_GALE_BACBOBRL16_H17_100_0_H12_100_0_H23_80_0_,UNKNOWN
31,mr_iv4,UNKNOWN,,2026-05-18 20:05:24,GOLDEN     /red/H17  overall_WR=55.0%  n=411,UNKNOWN_GOLDEN_RED_H17_OVERALL_WR_55_0_N_411,UNKNOWN
29,mr_iv4,RESULT,MONEY_HINT,2026-04-22 15:35:57,🔴🔴🔴 *DUPLA CONFIRMAÇÃO DE EMPATE* 🔴🔴🔴,RESULT_BANNER_TIE_DUPLA_CONFIRMA_O_DE_EMPATE,UNKNOWN
28,mr_iv4,RESULT,MONEY_HINT,2026-05-18 20:44:32,🔴 📊 DadosBacBoBR — GOLDEN AI,RESULT_BANNER_TIE_DADOSBACBOBR_GOLDEN_AI,UNKNOWN
28,mr_iv4,RESULT,MONEY_HINT,2026-05-18 20:44:31,🔴 🔥 umgalesalabacbo123 — GOLDEN AI,RESULT_BANNER_TIE_UMGALESALABACBO123_GOLDEN_AI,UNKNOWN
28,mr_iv4,RESULT,MONEY_HINT,2026-05-02 19:33:04,▼ BOTTOM-10 PAIRS (consider blocking):,RESULT_GALE_BOTTOM_10_PAIRS_CONSIDER_BLOCKING,UNKNOWN
28,mr_iv4,UNKNOWN,,2026-05-03 18:14:47,GOLDEN     /red/H18  overall_WR=45.3%  n=276,UNKNOWN_GOLDEN_RED_H18_OVERALL_WR_45_3_N_276,UNKNOWN
27,mr_iv4,RESULT,MONEY_HINT,2026-05-18 21:13:33,🔴 🌊 bacboaovivovip — GOLDEN AI,RESULT_BANNER_TIE_BACBOAOVIVOVIP_GOLDEN_AI,UNKNOWN
27,mr_iv4,RESULT,MONEY_HINT,2026-05-11 11:36:59,@bacboBRL16                    ▲H17=100.0% H12=100.0% H23=71.4% ▼H22=20.0% H11=70.0% H23=71.4%,RESULT_GALE_BACBOBRL16_H17_100_0_H12_100_0_H23_71_4_,UNKNOWN
25,mr_iv4,RESULT,MONEY_HINT,2026-05-18 09:23:13,🔵 🤖 GOLDEN — ENTRADA AI,RESULT_BANNER_TIE_GOLDEN_ENTRADA_AI,UNKNOWN
25,mr_iv4,UNKNOWN,,2026-05-03 12:24:16,✅✅ SELF-CARE GUARD REMOVIDO — GOLDEN ✅✅,UNKNOWN_SELF_CARE_GUARD_REMOVIDO_GOLDEN,UNKNOWN
24,mr_iv4,RESULT,MONEY_HINT,2026-06-01 02:28:55,🛡 FULL AUDIT — 3 findings,RESULT_GALE_FULL_AUDIT_3_FINDINGS,UNKNOWN
24,mr_iv4,RESULT,MONEY_HINT,2026-05-17 23:23:44,rigosinais            +umgalesalabacbo123      n= 30 WR=96.7%,RESULT_GALE_RIGOSINAIS_UMGALESALABACBO123_N_30_WR_96,UNKNOWN
24,mr_iv4,UNKNOWN,,2026-05-17 23:23:46,GOLDEN     /red/H17  overall_WR=55.5%  n=438,UNKNOWN_GOLDEN_RED_H17_OVERALL_WR_55_5_N_438,UNKNOWN
24,mr_iv4,UNKNOWN,,2026-05-05 01:26:56,✅✅ SELF-CARE GUARD REMOVIDO — SOLO_ELITE ✅✅,UNKNOWN_SELF_CARE_GUARD_REMOVIDO_SOLO_ELITE,UNKNOWN
22,mr_iv4,RESULT,MONEY_HINT,2026-05-19 19:13:52,🔵 🃏 CoringaDados — PLATINUM AI,RESULT_BANNER_TIE_CORINGADADOS_PLATINUM_AI,UNKNOWN
21,mr_iv4,RESULT,MONEY_HINT,2026-04-03 19:53:36,🟡🟡 EMPATE 🟡🟡,RESULT_BANNER_TIE_EMPATE,UNKNOWN
21,mr_iv4,UNKNOWN,,2026-05-19 06:22:10,🚨 EMERGÊNCIA — 13 PERDAS SEGUIDAS 🚨,UNKNOWN_EMERG_NCIA_13_PERDAS_SEGUIDAS,UNKNOWN
20,mr_iv4,RESULT,MONEY_HINT,2026-05-05 22:28:52,"P1/P2. TOP COALITION PAIRS (n≥10, by WR ↓ then ↑)",RESULT_GALE_P1_P2_TOP_COALITION_PAIRS_N_10_BY_WR_THE,UNKNOWN
20,mr_iv4,UNKNOWN,,2026-06-19 21:08:44,baccarat_a            +umgalesalabacbo123      n= 20 WR=45.0%,UNKNOWN_BACCARAT_A_UMGALESALABACBO123_N_20_WR_45_0,UNKNOWN
20,mr_iv4,UNKNOWN,,2026-06-19 07:12:43,📅 CYCLE SUMMARY @umgalesalabacbo123 — 19/06/2026 03:12:03,UNKNOWN_CYCLE_SUMMARY_UMGALESALABACBO123_19_06_2026_03_12_,UNKNOWN
20,mr_iv4,UNKNOWN,,2026-06-19 13:50:13,📅 CYCLE SUMMARY @umgalesalabacbo123 — 19/06/2026 09:49:32,UNKNOWN_CYCLE_SUMMARY_UMGALESALABACBO123_19_06_2026_09_49_,UNKNOWN
19,mr_iv4,RESULT,MONEY_HINT,2026-05-18 20:44:36,🔴 🤖 robofreebacbo24horass — GOLDEN AI,RESULT_BANNER_TIE_ROBOFREEBACBO24HORASS_GOLDEN_A,UNKNOWN
19,mr_iv4,RESULT,MONEY_HINT,2026-05-19 20:56:22,bacboaovivovip        +sinaisbacboangola       n= 11 WR=100.0%,RESULT_GALE_BACBOAOVIVOVIP_SINAISBACBOANGOLA_N_11_WR,UNKNOWN
19,mr_iv4,UNKNOWN,,2026-03-20 09:14:45,♻️♻️ GALE 1 — SEGUNDA ENTRADA ♻️♻️,UNKNOWN_GALE_1_SEGUNDA_ENTRADA,UNKNOWN
18,mr_iv4,RESULT,COUNTDOWN_HINT,2026-04-21 12:07:24,✅✅ GANHOU / WIN — G1! ✅✅,RESULT_GALE_GANHOU_WIN_G1,UNKNOWN
18,mr_iv4,UNKNOWN,,2026-05-03 12:23:30,GOLDEN     /red/H18  overall_WR=45.1%  n=275,UNKNOWN_GOLDEN_RED_H18_OVERALL_WR_45_1_N_275,UNKNOWN
17,mr_iv4,RESULT,MONEY_HINT,2026-05-08 06:08:43,⚠️ *PERFORMANCE GUARDIAN — ATENÇÃO*,RESULT_GALE_PERFORMANCE_GUARDIAN_ATEN_O,UNKNOWN
17,mr_iv4,UNKNOWN,,2026-05-19 20:56:24,GOLDEN     /blue/H19  overall_WR=60.4%  n=493,UNKNOWN_GOLDEN_BLUE_H19_OVERALL_WR_60_4_N_493,UNKNOWN
16,mr_iv4,RESULT,MONEY_HINT,2026-05-03 12:23:28,bacboaovivovip        +umgalesalabacbo123      n= 25 WR=92.0%,RESULT_GALE_BACBOAOVIVOVIP_UMGALESALABACBO123_N_25_W,UNKNOWN
16,mr_iv4,RESULT,MONEY_HINT,2026-05-05 09:18:44,baccarat_b            +speedbaccarat_a_01      n= 11 WR=100.0%,RESULT_GALE_BACCARAT_B_SPEEDBACCARAT_A_01_N_11_WR_10,UNKNOWN
16,mr_iv4,UNKNOWN,,2026-05-04 17:45:06,GOLDEN     /blue/H12  overall_WR=56.7%  n=416,UNKNOWN_GOLDEN_BLUE_H12_OVERALL_WR_56_7_N_416,UNKNOWN
16,mr_iv4,UNKNOWN,,2026-05-18 17:07:13,GOLDEN     /red/H16  overall_WR=52.2%  n=408,UNKNOWN_GOLDEN_RED_H16_OVERALL_WR_52_2_N_408,UNKNOWN
15,mr_iv4,RESULT,MONEY_HINT,2026-05-15 00:48:27,🛡 FULL AUDIT — 25 findings,RESULT_GALE_FULL_AUDIT_25_FINDINGS,UNKNOWN
15,mr_iv4,UNKNOWN,,2026-06-19 13:59:52,📅 CYCLE SUMMARY @umgalesalabacbo123 — 19/06/2026 09:58:26,UNKNOWN_CYCLE_SUMMARY_UMGALESALABACBO123_19_06_2026_09_58_,UNKNOWN
13,mr_iv4,RESULT,MONEY_HINT,2026-05-20 01:18:25,🔵 🃏 CoringaDados — GOLDEN AI,RESULT_BANNER_TIE_CORINGADADOS_GOLDEN_AI,UNKNOWN
13,mr_iv4,RESULT,MONEY_HINT,2026-05-19 04:29:27,🔵 🤖 robobacbodados — GOLDEN AI,RESULT_BANNER_TIE_ROBOBACBODADOS_GOLDEN_AI,UNKNOWN
13,mr_iv4,RESULT,MONEY_HINT,2026-05-18 22:44:17,🔵 📡 sinaisbacboangola — GOLDEN AI,RESULT_BANNER_TIE_SINAISBACBOANGOLA_GOLDEN_AI,UNKNOWN
13,mr_iv4,RESULT,MONEY_HINT,2026-05-09 23:17:53,@bacboBRL16                    ▲H17=100.0% H12=100.0% H11=75.0% ▼H11=75.0% H12=100.0% H17=100.0%,RESULT_GALE_BACBOBRL16_H17_100_0_H12_100_0_H11_75_0_,UNKNOWN
13,mr_iv4,UNKNOWN,,2026-05-11 00:48:53,✅✅ SELF-CARE GUARD REMOVIDO — PLATINUM ✅✅,UNKNOWN_SELF_CARE_GUARD_REMOVIDO_PLATINUM,UNKNOWN
13,mr_iv4,UNKNOWN,,2026-04-25 20:06:16,💎 SOLO ELITE 💎,UNKNOWN_SOLO_ELITE,UNKNOWN
12,mr_iv4,RESULT,MONEY_HINT,2026-05-19 17:42:32,🔴 ⭐ rigosinais — GOLDEN AI,RESULT_BANNER_TIE_RIGOSINAIS_GOLDEN_AI,UNKNOWN
12,mr_iv4,UNKNOWN,,2026-05-03 11:30:20,@cacadordeempate                 (CAÇADOR DE EMPATE TURBO - Bac Bo 🎲),UNKNOWN_CACADORDEEMPATE_CA_ADOR_DE_EMPATE_TURBO_BAC_BO,UNKNOWN
12,mr_iv4,UNKNOWN,,2026-06-19 11:56:36,📅 CYCLE SUMMARY @umgalesalabacbo123 — 19/06/2026 07:56:36,UNKNOWN_CYCLE_SUMMARY_UMGALESALABACBO123_19_06_2026_07_56_,UNKNOWN
12,mr_iv4,UNKNOWN,,2026-06-20 11:24:43,📅 CYCLE SUMMARY @umgalesalabacbo123 — 20/06/2026 07:24:43,UNKNOWN_CYCLE_SUMMARY_UMGALESALABACBO123_20_06_2026_07_24_,UNKNOWN
12,mr_iv4,UNKNOWN,,2026-06-20 11:45:43,📅 CYCLE SUMMARY @umgalesalabacbo123 — 20/06/2026 07:45:42,UNKNOWN_CYCLE_SUMMARY_UMGALESALABACBO123_20_06_2026_07_45_,UNKNOWN
12,mr_iv4,UNKNOWN,,2026-06-20 18:03:38,📅 CYCLE SUMMARY @umgalesalabacbo123 — 20/06/2026 14:03:38,UNKNOWN_CYCLE_SUMMARY_UMGALESALABACBO123_20_06_2026_14_03_,UNKNOWN
12,mr_iv4,UNKNOWN,,2026-05-11 21:26:32,🔴 entry_confirmed_hour_block          n=  90 W= 49/L= 38/T= 3  sWR= 57.8%  net=-11,UNKNOWN_ENTRY_CONFIRMED_HOUR_BLOCK_N_90_W_49_L_38_T_3_SWR_,UNKNOWN
12,mr_iv4,UNKNOWN,,2026-04-03 20:25:35,❌❌❌ LOSS — SINAL ENCERRADO ❌❌❌,UNKNOWN_LOSS_SINAL_ENCERRADO,UNKNOWN
12,mr_iv4,UNKNOWN,,2026-05-02 10:13:04,🔔 RESULTADO: ❌ PERDEU,UNKNOWN_RESULTADO_PERDEU,UNKNOWN
12,mr_iv4,UNKNOWN,,2026-05-18 11:20:55,rigosinais            +umgalesalabacbo123      n= 30 WR=96.7%,UNKNOWN_RIGOSINAIS_UMGALESALABACBO123_N_30_WR_96_7,UNKNOWN
11,mr_iv4,RESULT,MONEY_HINT,2026-04-21 12:23:26,✅✅✅ GANHOU / WIN — G0! ✅✅✅,RESULT_GALE_GANHOU_WIN_G0,UNKNOWN
11,mr_iv4,UNKNOWN,,2026-05-18 14:05:25,GOLDEN     /red/H16  overall_WR=52.6%  n=428,UNKNOWN_GOLDEN_RED_H16_OVERALL_WR_52_6_N_428,UNKNOWN
10,mr_iv4,RESULT,MONEY_HINT,2026-05-19 11:44:36,🔴 🏆 martinswinbacbo — GOLDEN AI,RESULT_BANNER_TIE_MARTINSWINBACBO_GOLDEN_AI,UNKNOWN
10,mr_iv4,RESULT,MONEY_HINT,2026-05-14 23:48:27,🛡 FULL AUDIT — 23 findings,RESULT_GALE_FULL_AUDIT_23_FINDINGS,UNKNOWN
10,mr_iv4,RESULT,MONEY_HINT,2026-05-14 23:40:53,🛡 FULL AUDIT — 24 findings,RESULT_GALE_FULL_AUDIT_24_FINDINGS,UNKNOWN
10,mr_iv4,RESULT,MONEY_HINT,2026-05-04 14:52:46,rigosinais            +umgalesalabacbo123      n= 17 WR=94.1%,RESULT_GALE_RIGOSINAIS_UMGALESALABACBO123_N_17_WR_94,UNKNOWN
10,mr_iv4,UNKNOWN,,2026-06-19 18:13:03,📅 CYCLE SUMMARY @umgalesalabacbo123 — 19/06/2026 14:12:14,UNKNOWN_CYCLE_SUMMARY_UMGALESALABACBO123_19_06_2026_14_12_,UNKNOWN
9,mr_iv4,RESULT,MONEY_HINT,2026-05-18 20:44:31,🔴 🎯 M8SINAIS — GOLDEN AI,RESULT_BANNER_TIE_M8SINAIS_GOLDEN_AI,UNKNOWN
9,mr_iv4,RESULT,MONEY_HINT,2026-05-20 16:31:09,🔵 🤖 robobacbodados — PLATINUM AI,RESULT_BANNER_TIE_ROBOBACBODADOS_PLATINUM_AI,UNKNOWN
9,mr_iv4,RESULT,MONEY_HINT,2026-05-18 21:16:05,🔵 💎 RQDADOS1 — PLATINUM AI,RESULT_BANNER_TIE_RQDADOS1_PLATINUM_AI,UNKNOWN
9,mr_iv4,RESULT,MONEY_HINT,2026-05-15 13:04:52,🛡 FULL AUDIT — 26 findings,RESULT_GALE_FULL_AUDIT_26_FINDINGS,UNKNOWN
9,mr_iv4,RESULT,MONEY_HINT,2026-05-15 02:19:53,🛡 FULL AUDIT — 30 findings,RESULT_GALE_FULL_AUDIT_30_FINDINGS,UNKNOWN
9,mr_iv4,RESULT,MONEY_HINT,2026-04-27 18:16:07,🚨 Saturação G3 detectada,RESULT_GALE_SATURA_O_G3_DETECTADA,UNKNOWN
9,mr_iv4,RESULT,MONEY_HINT,2026-05-25 03:00:09,🎯 WIN-DROP SCANNER — 22:52 EDT,RESULT_GALE_WIN_DROP_SCANNER_22_52_EDT,UNKNOWN
9,mr_iv4,UNKNOWN,,2026-06-19 11:40:16,📅 CYCLE SUMMARY @umgalesalabacbo123 — 19/06/2026 07:40:15,UNKNOWN_CYCLE_SUMMARY_UMGALESALABACBO123_19_06_2026_07_40_,UNKNOWN
9,mr_iv4,UNKNOWN,,2026-06-19 13:29:01,📅 CYCLE SUMMARY @umgalesalabacbo123 — 19/06/2026 09:29:00,UNKNOWN_CYCLE_SUMMARY_UMGALESALABACBO123_19_06_2026_09_29_,UNKNOWN
9,mr_iv4,UNKNOWN,,2026-06-19 14:10:49,📅 CYCLE SUMMARY @umgalesalabacbo123 — 19/06/2026 10:10:49,UNKNOWN_CYCLE_SUMMARY_UMGALESALABACBO123_19_06_2026_10_10_,UNKNOWN
9,mr_iv4,UNKNOWN,,2026-06-19 21:08:01,📅 CYCLE SUMMARY @umgalesalabacbo123 — 19/06/2026 17:08:01,UNKNOWN_CYCLE_SUMMARY_UMGALESALABACBO123_19_06_2026_17_08_,UNKNOWN
9,mr_iv4,UNKNOWN,,2026-06-20 11:33:43,📅 CYCLE SUMMARY @umgalesalabacbo123 — 20/06/2026 07:33:43,UNKNOWN_CYCLE_SUMMARY_UMGALESALABACBO123_20_06_2026_07_33_,UNKNOWN
9,mr_iv4,UNKNOWN,,2026-06-20 20:53:20,📅 CYCLE SUMMARY @umgalesalabacbo123 — 20/06/2026 16:53:20,UNKNOWN_CYCLE_SUMMARY_UMGALESALABACBO123_20_06_2026_16_53_,UNKNOWN
9,mr_iv4,UNKNOWN,,2026-06-21 00:04:59,📅 CYCLE SUMMARY @umgalesalabacbo123 — 20/06/2026 20:04:59,UNKNOWN_CYCLE_SUMMARY_UMGALESALABACBO123_20_06_2026_20_04_,UNKNOWN
9,mr_iv4,UNKNOWN,,2026-06-21 00:15:22,📅 CYCLE SUMMARY @umgalesalabacbo123 — 20/06/2026 20:15:22,UNKNOWN_CYCLE_SUMMARY_UMGALESALABACBO123_20_06_2026_20_15_,UNKNOWN
9,mr_iv4,UNKNOWN,,2026-06-21 01:02:28,📅 CYCLE SUMMARY @umgalesalabacbo123 — 20/06/2026 21:02:28,UNKNOWN_CYCLE_SUMMARY_UMGALESALABACBO123_20_06_2026_21_02_,UNKNOWN
9,mr_iv4,UNKNOWN,,2026-06-21 05:31:39,📅 CYCLE SUMMARY @umgalesalabacbo123 — 21/06/2026 01:31:39,UNKNOWN_CYCLE_SUMMARY_UMGALESALABACBO123_21_06_2026_01_31_,UNKNOWN
9,mr_iv4,UNKNOWN,,2026-05-19 01:37:28,🚨 EMERGÊNCIA — 23 PERDAS SEGUIDAS 🚨,UNKNOWN_EMERG_NCIA_23_PERDAS_SEGUIDAS,UNKNOWN
9,mr_iv4,UNKNOWN,,2026-05-18 09:56:25,@hackerbacbozerogale             (HACK BAC BO SEM GALE),UNKNOWN_HACKERBACBOZEROGALE_HACK_BAC_BO_SEM_GALE,UNKNOWN
8,mr_iv4,RESULT,MONEY_HINT,2026-07-10 02:55:08,🔵 📡 salabacbo123 — SOLO ELITE AI,RESULT_BANNER_TIE_SALABACBO123_SOLO_ELITE_AI,UNKNOWN
8,mr_iv4,RESULT,MONEY_HINT,2026-04-21 11:57:21,🚨 AGUARDANDO G3 — ÚLTIMA CHANCE / LAST CHANCE 🚨,RESULT_GALE_AGUARDANDO_G3_LTIMA_CHANCE_LAST_CHANCE,UNKNOWN
8,mr_iv4,RESULT,MONEY_HINT,2026-05-08 18:02:25,@bacboBRL04                    ▲H17=100.0% H12=100.0% H11=77.8% ▼H11=77.8% H12=100.0% H17=100.0%,RESULT_GALE_BACBOBRL04_H17_100_0_H12_100_0_H11_77_8_,UNKNOWN
8,mr_iv4,RESULT,MONEY_HINT,2026-05-08 12:32:43,@bacboBRL08                    ▲H12=100.0% H11=88.9% H17=80.0% ▼H17=80.0% H11=88.9% H12=100.0%,RESULT_GALE_BACBOBRL08_H12_100_0_H11_88_9_H17_80_0_H,UNKNOWN
8,mr_iv4,RESULT,MONEY_HINT,2026-05-15 01:18:47,🛡 FULL AUDIT — 28 findings,RESULT_GALE_FULL_AUDIT_28_FINDINGS,UNKNOWN
8,mr_iv4,RESULT,MONEY_HINT,2026-05-05 00:39:01,reicassinofs          +rqdados1                n= 13 WR=100.0%,RESULT_GALE_REICASSINOFS_RQDADOS1_N_13_WR_100_0,UNKNOWN
8,mr_iv4,UNKNOWN,,2026-05-04 14:52:48,GOLDEN     /blue/H16  overall_WR=50.3%  n=382,UNKNOWN_GOLDEN_BLUE_H16_OVERALL_WR_50_3_N_382,UNKNOWN
8,mr_iv4,UNKNOWN,,2026-06-20 19:19:54,🔴 GOLDEN       score=<7      n=  26  blocked-but-WR= 46.2%,UNKNOWN_GOLDEN_SCORE_7_N_26_BLOCKED_BUT_WR_46_2,UNKNOWN
7,mr_iv4,OPS,,2026-05-24 11:43:13,🧠 *AutoIntelligence* — 2026-05-24 11:33 UTC,OPS_AUTOINTELLIGENCE_2026_05_24_11_33_UTC,UNKNOWN
7,mr_iv4,RESULT,MONEY_HINT,2026-05-18 21:16:05,🔵 📡 bacbobrasileiro01 — PLATINUM AI,RESULT_BANNER_TIE_BACBOBRASILEIRO01_PLATINUM_AI,UNKNOWN
7,mr_iv4,RESULT,MONEY_HINT,2026-05-31 11:36:47,📋 DAILY AUDIT — 2026-05-31 11:35 UTC,RESULT_GALE_DAILY_AUDIT_2026_05_31_11_35_UTC,UNKNOWN
7,mr_iv4,RESULT,MONEY_HINT,2026-05-09 15:27:41,🛡 FULL AUDIT — 29 findings,RESULT_GALE_FULL_AUDIT_29_FINDINGS,UNKNOWN
7,mr_iv4,RESULT,MONEY_HINT,2026-05-08 04:25:14,🛡 FULL AUDIT — 32 findings,RESULT_GALE_FULL_AUDIT_32_FINDINGS,UNKNOWN
7,mr_iv4,RESULT,MONEY_HINT,2026-05-08 13:54:45,🛡 FULL AUDIT — 34 findings,RESULT_GALE_FULL_AUDIT_34_FINDINGS,UNKNOWN
7,mr_iv4,RESULT,MONEY_HINT,2026-04-21 11:57:35,✅ GANHOU / WIN — G3! ✅ 🔥,RESULT_GALE_GANHOU_WIN_G3,UNKNOWN
7,mr_iv4,UNKNOWN,,2026-06-20 11:12:56,📅 CYCLE SUMMARY @umgalesalabacbo123 — 20/06/2026 07:12:55,UNKNOWN_CYCLE_SUMMARY_UMGALESALABACBO123_20_06_2026_07_12_,UNKNOWN
6,mr_iv4,RESULT,MONEY_HINT,2026-05-08 12:11:34,🔴 accum_solo_tier                     n=   6 W=  6/L=  0/T= 0  sWR=100.0%  net=-6,RESULT_BANNER_TIE_ACCUM_SOLO_TIER_N_6_W_6_L_0_T_,UNKNOWN
6,mr_iv4,RESULT,MONEY_HINT,2026-07-10 00:31:54,🔴 🌊 bacboaovivovip — SOLO ELITE AI,RESULT_BANNER_TIE_BACBOAOVIVOVIP_SOLO_ELITE_AI,UNKNOWN
6,mr_iv4,RESULT,MONEY_HINT,2026-04-27 14:00:56,🟡 G1 EMPATE — ignorando,RESULT_BANNER_TIE_G1_EMPATE_IGNORANDO,UNKNOWN
6,mr_iv4,RESULT,COUNTDOWN_HINT,2026-06-16 11:06:15,🔵🔵🔵 🕐 08:04 BRT · 07:04 EDT 🔵🔵🔵,RESULT_BANNER_WIN_08_04_BRT_07_04_EDT,UNKNOWN
6,mr_iv4,RESULT,COUNTDOWN_HINT,2026-07-10 21:21:05,🔵🔵🔵 🕐 18:21 BRT · 17:21 EDT 🔵🔵🔵,RESULT_BANNER_WIN_18_21_BRT_17_21_EDT,UNKNOWN
6,mr_iv4,RESULT,COUNTDOWN_HINT,2026-06-12 22:45:24,🔵🔵🔵 🕐 19:45 BRT · 18:45 EDT 🔵🔵🔵,RESULT_BANNER_WIN_19_45_BRT_18_45_EDT,UNKNOWN
6,mr_iv4,RESULT,COUNTDOWN_HINT,2026-07-04 22:55:46,🔴🔴🔴 🕐 19:55 BRT · 18:55 EDT 🔴🔴🔴,RESULT_BANNER_WIN_19_55_BRT_18_55_EDT,UNKNOWN
6,mr_iv4,RESULT,MONEY_HINT,2026-06-16 20:40:46,🛡 FULL AUDIT — 27 findings,RESULT_GALE_FULL_AUDIT_27_FINDINGS,UNKNOWN
6,mr_iv4,RESULT,MONEY_HINT,2026-06-01 01:49:36,🛡 FULL AUDIT — 5 findings,RESULT_GALE_FULL_AUDIT_5_FINDINGS,UNKNOWN
6,mr_iv4,RESULT,MONEY_HINT,2026-05-05 07:39:32,reicassinofs          +rqdados1                n= 15 WR=100.0%,RESULT_GALE_REICASSINOFS_RQDADOS1_N_15_WR_100_0,UNKNOWN
6,mr_iv4,RESULT,MONEY_HINT,2026-04-30 10:41:33,🔔 RESULTADO: ❌ PERDEU,RESULT_GALE_RESULTADO_PERDEU,UNKNOWN
6,mr_iv4,UNKNOWN,,2026-05-10 04:24:09,📅 CYCLE SUMMARY @umgalesalabacbo123 — 10/05/2026 00:24:09,UNKNOWN_CYCLE_SUMMARY_UMGALESALABACBO123_10_05_2026_00_24_,UNKNOWN
6,mr_iv4,UNKNOWN,,2026-06-19 04:57:19,📅 CYCLE SUMMARY @umgalesalabacbo123 — 19/06/2026 00:57:19,UNKNOWN_CYCLE_SUMMARY_UMGALESALABACBO123_19_06_2026_00_57_,UNKNOWN
6,mr_iv4,UNKNOWN,,2026-06-19 06:49:43,📅 CYCLE SUMMARY @umgalesalabacbo123 — 19/06/2026 02:49:43,UNKNOWN_CYCLE_SUMMARY_UMGALESALABACBO123_19_06_2026_02_49_,UNKNOWN
6,mr_iv4,UNKNOWN,,2026-06-19 08:34:25,📅 CYCLE SUMMARY @umgalesalabacbo123 — 19/06/2026 04:34:25,UNKNOWN_CYCLE_SUMMARY_UMGALESALABACBO123_19_06_2026_04_34_,UNKNOWN
6,mr_iv4,UNKNOWN,,2026-06-19 13:35:59,📅 CYCLE SUMMARY @umgalesalabacbo123 — 19/06/2026 09:35:58,UNKNOWN_CYCLE_SUMMARY_UMGALESALABACBO123_19_06_2026_09_35_,UNKNOWN
6,mr_iv4,UNKNOWN,,2026-06-19 14:04:01,📅 CYCLE SUMMARY @umgalesalabacbo123 — 19/06/2026 10:04:01,UNKNOWN_CYCLE_SUMMARY_UMGALESALABACBO123_19_06_2026_10_04_,UNKNOWN
6,mr_iv4,UNKNOWN,,2026-06-19 18:16:49,📅 CYCLE SUMMARY @umgalesalabacbo123 — 19/06/2026 14:16:48,UNKNOWN_CYCLE_SUMMARY_UMGALESALABACBO123_19_06_2026_14_16_,UNKNOWN
6,mr_iv4,UNKNOWN,,2026-06-19 18:38:32,📅 CYCLE SUMMARY @umgalesalabacbo123 — 19/06/2026 14:38:32,UNKNOWN_CYCLE_SUMMARY_UMGALESALABACBO123_19_06_2026_14_38_,UNKNOWN
6,mr_iv4,UNKNOWN,,2026-06-19 18:44:03,📅 CYCLE SUMMARY @umgalesalabacbo123 — 19/06/2026 14:44:03,UNKNOWN_CYCLE_SUMMARY_UMGALESALABACBO123_19_06_2026_14_44_,UNKNOWN
6,mr_iv4,UNKNOWN,,2026-06-19 20:45:30,📅 CYCLE SUMMARY @umgalesalabacbo123 — 19/06/2026 16:45:30,UNKNOWN_CYCLE_SUMMARY_UMGALESALABACBO123_19_06_2026_16_45_,UNKNOWN
6,mr_iv4,UNKNOWN,,2026-06-20 08:29:10,📅 CYCLE SUMMARY @umgalesalabacbo123 — 20/06/2026 04:29:09,UNKNOWN_CYCLE_SUMMARY_UMGALESALABACBO123_20_06_2026_04_29_,UNKNOWN
6,mr_iv4,UNKNOWN,,2026-06-20 10:28:32,📅 CYCLE SUMMARY @umgalesalabacbo123 — 20/06/2026 06:28:32,UNKNOWN_CYCLE_SUMMARY_UMGALESALABACBO123_20_06_2026_06_28_,UNKNOWN
6,mr_iv4,UNKNOWN,,2026-06-20 10:38:39,📅 CYCLE SUMMARY @umgalesalabacbo123 — 20/06/2026 06:38:39,UNKNOWN_CYCLE_SUMMARY_UMGALESALABACBO123_20_06_2026_06_38_,UNKNOWN
6,mr_iv4,UNKNOWN,,2026-06-20 10:50:16,📅 CYCLE SUMMARY @umgalesalabacbo123 — 20/06/2026 06:50:16,UNKNOWN_CYCLE_SUMMARY_UMGALESALABACBO123_20_06_2026_06_50_,UNKNOWN
6,mr_iv4,UNKNOWN,,2026-06-20 10:55:08,📅 CYCLE SUMMARY @umgalesalabacbo123 — 20/06/2026 06:55:08,UNKNOWN_CYCLE_SUMMARY_UMGALESALABACBO123_20_06_2026_06_55_,UNKNOWN
6,mr_iv4,UNKNOWN,,2026-06-20 12:17:50,📅 CYCLE SUMMARY @umgalesalabacbo123 — 20/06/2026 08:17:50,UNKNOWN_CYCLE_SUMMARY_UMGALESALABACBO123_20_06_2026_08_17_,UNKNOWN
6,mr_iv4,UNKNOWN,,2026-06-20 12:28:20,📅 CYCLE SUMMARY @umgalesalabacbo123 — 20/06/2026 08:28:20,UNKNOWN_CYCLE_SUMMARY_UMGALESALABACBO123_20_06_2026_08_28_,UNKNOWN
6,mr_iv4,UNKNOWN,,2026-06-20 15:12:39,📅 CYCLE SUMMARY @umgalesalabacbo123 — 20/06/2026 11:12:39,UNKNOWN_CYCLE_SUMMARY_UMGALESALABACBO123_20_06_2026_11_12_,UNKNOWN
6,mr_iv4,UNKNOWN,,2026-06-20 16:46:15,📅 CYCLE SUMMARY @umgalesalabacbo123 — 20/06/2026 12:46:15,UNKNOWN_CYCLE_SUMMARY_UMGALESALABACBO123_20_06_2026_12_46_,UNKNOWN
6,mr_iv4,UNKNOWN,,2026-06-20 18:31:54,📅 CYCLE SUMMARY @umgalesalabacbo123 — 20/06/2026 14:31:53,UNKNOWN_CYCLE_SUMMARY_UMGALESALABACBO123_20_06_2026_14_31_,UNKNOWN
6,mr_iv4,UNKNOWN,,2026-06-20 18:50:34,📅 CYCLE SUMMARY @umgalesalabacbo123 — 20/06/2026 14:50:34,UNKNOWN_CYCLE_SUMMARY_UMGALESALABACBO123_20_06_2026_14_50_,UNKNOWN
6,mr_iv4,UNKNOWN,,2026-06-20 20:21:15,📅 CYCLE SUMMARY @umgalesalabacbo123 — 20/06/2026 16:21:15,UNKNOWN_CYCLE_SUMMARY_UMGALESALABACBO123_20_06_2026_16_21_,UNKNOWN
6,mr_iv4,UNKNOWN,,2026-06-20 20:28:41,📅 CYCLE SUMMARY @umgalesalabacbo123 — 20/06/2026 16:28:41,UNKNOWN_CYCLE_SUMMARY_UMGALESALABACBO123_20_06_2026_16_28_,UNKNOWN
6,mr_iv4,UNKNOWN,,2026-06-20 20:38:26,📅 CYCLE SUMMARY @umgalesalabacbo123 — 20/06/2026 16:38:26,UNKNOWN_CYCLE_SUMMARY_UMGALESALABACBO123_20_06_2026_16_38_,UNKNOWN
6,mr_iv4,UNKNOWN,,2026-06-20 20:44:16,📅 CYCLE SUMMARY @umgalesalabacbo123 — 20/06/2026 16:44:16,UNKNOWN_CYCLE_SUMMARY_UMGALESALABACBO123_20_06_2026_16_44_,UNKNOWN
6,mr_iv4,UNKNOWN,,2026-06-20 21:03:42,📅 CYCLE SUMMARY @umgalesalabacbo123 — 20/06/2026 17:03:42,UNKNOWN_CYCLE_SUMMARY_UMGALESALABACBO123_20_06_2026_17_03_,UNKNOWN
6,mr_iv4,UNKNOWN,,2026-06-20 22:58:22,📅 CYCLE SUMMARY @umgalesalabacbo123 — 20/06/2026 18:58:22,UNKNOWN_CYCLE_SUMMARY_UMGALESALABACBO123_20_06_2026_18_58_,UNKNOWN
6,mr_iv4,UNKNOWN,,2026-06-20 23:26:40,📅 CYCLE SUMMARY @umgalesalabacbo123 — 20/06/2026 19:26:39,UNKNOWN_CYCLE_SUMMARY_UMGALESALABACBO123_20_06_2026_19_26_,UNKNOWN
6,mr_iv4,UNKNOWN,,2026-06-21 00:25:04,📅 CYCLE SUMMARY @umgalesalabacbo123 — 20/06/2026 20:25:03,UNKNOWN_CYCLE_SUMMARY_UMGALESALABACBO123_20_06_2026_20_25_,UNKNOWN
6,mr_iv4,UNKNOWN,,2026-06-21 00:47:06,📅 CYCLE SUMMARY @umgalesalabacbo123 — 20/06/2026 20:47:06,UNKNOWN_CYCLE_SUMMARY_UMGALESALABACBO123_20_06_2026_20_47_,UNKNOWN
6,mr_iv4,UNKNOWN,,2026-06-21 01:08:20,📅 CYCLE SUMMARY @umgalesalabacbo123 — 20/06/2026 21:08:20,UNKNOWN_CYCLE_SUMMARY_UMGALESALABACBO123_20_06_2026_21_08_,UNKNOWN
6,mr_iv4,UNKNOWN,,2026-06-21 04:17:40,📅 CYCLE SUMMARY @umgalesalabacbo123 — 21/06/2026 00:17:40,UNKNOWN_CYCLE_SUMMARY_UMGALESALABACBO123_21_06_2026_00_17_,UNKNOWN
6,mr_iv4,UNKNOWN,,2026-06-21 04:53:24,📅 CYCLE SUMMARY @umgalesalabacbo123 — 21/06/2026 00:53:24,UNKNOWN_CYCLE_SUMMARY_UMGALESALABACBO123_21_06_2026_00_53_,UNKNOWN
6,mr_iv4,UNKNOWN,,2026-06-21 05:09:20,📅 CYCLE SUMMARY @umgalesalabacbo123 — 21/06/2026 01:09:20,UNKNOWN_CYCLE_SUMMARY_UMGALESALABACBO123_21_06_2026_01_09_,UNKNOWN
6,mr_iv4,UNKNOWN,,2026-06-21 05:59:34,📅 CYCLE SUMMARY @umgalesalabacbo123 — 21/06/2026 01:59:34,UNKNOWN_CYCLE_SUMMARY_UMGALESALABACBO123_21_06_2026_01_59_,UNKNOWN
6,mr_iv4,UNKNOWN,,2026-06-21 06:58:49,📅 CYCLE SUMMARY @umgalesalabacbo123 — 21/06/2026 02:58:49,UNKNOWN_CYCLE_SUMMARY_UMGALESALABACBO123_21_06_2026_02_58_,UNKNOWN
6,mr_iv4,UNKNOWN,,2026-06-26 17:25:00,📅 CYCLE SUMMARY @umgalesalabacbo123 — 26/06/2026 13:25:00,UNKNOWN_CYCLE_SUMMARY_UMGALESALABACBO123_26_06_2026_13_25_,UNKNOWN
6,mr_iv4,UNKNOWN,,2026-06-26 17:47:18,📅 CYCLE SUMMARY @umgalesalabacbo123 — 26/06/2026 13:47:18,UNKNOWN_CYCLE_SUMMARY_UMGALESALABACBO123_26_06_2026_13_47_,UNKNOWN
6,mr_iv4,UNKNOWN,,2026-06-26 18:16:28,📅 CYCLE SUMMARY @umgalesalabacbo123 — 26/06/2026 14:16:28,UNKNOWN_CYCLE_SUMMARY_UMGALESALABACBO123_26_06_2026_14_16_,UNKNOWN
6,mr_iv4,UNKNOWN,,2026-06-19 21:09:02,🔴 GOLDEN       score=<7      n=  23  blocked-but-WR= 47.8%,UNKNOWN_GOLDEN_SCORE_7_N_23_BLOCKED_BUT_WR_47_8,UNKNOWN
6,mr_iv4,UNKNOWN,,2026-05-26 11:34:58,rigosinais            +umgalesalabacbo123      n= 32 WR=96.9%,UNKNOWN_RIGOSINAIS_UMGALESALABACBO123_N_32_WR_96_9,UNKNOWN
5,mr_iv4,RESULT,COUNTDOWN_HINT,2026-07-05 11:17:45,🔴🔴🔴 🕐 08:17 BRT · 07:17 EDT 🔴🔴🔴,RESULT_BANNER_LOSS_08_17_BRT_07_17_EDT,UNKNOWN
5,mr_iv4,RESULT,COUNTDOWN_HINT,2026-06-12 21:43:39,🔵🔵🔵 🕐 18:43 BRT · 17:43 EDT 🔵🔵🔵,RESULT_BANNER_LOSS_18_43_BRT_17_43_EDT,UNKNOWN
5,mr_iv4,RESULT,MONEY_HINT,2026-05-20 03:10:28,🔵 👑 IsaDados — GOLDEN AI,RESULT_BANNER_TIE_ISADADOS_GOLDEN_AI,UNKNOWN
5,mr_iv4,RESULT,MONEY_HINT,2026-05-20 16:31:13,🔵 💎 rqdados — PLATINUM AI,RESULT_BANNER_TIE_RQDADOS_PLATINUM_AI,UNKNOWN
5,mr_iv4,RESULT,COUNTDOWN_HINT,2026-06-15 10:29:48,🔵🔵🔵 🕐 07:29 BRT · 06:29 EDT 🔵🔵🔵,RESULT_BANNER_WIN_07_29_BRT_06_29_EDT,UNKNOWN
5,mr_iv4,RESULT,COUNTDOWN_HINT,2026-06-16 12:02:33,🔵🔵🔵 🕐 09:02 BRT · 08:02 EDT 🔵🔵🔵,RESULT_BANNER_WIN_09_02_BRT_08_02_EDT,UNKNOWN
5,mr_iv4,RESULT,COUNTDOWN_HINT,2026-06-12 18:32:03,🔴🔴🔴 🕐 15:32 BRT · 14:32 EDT 🔴🔴🔴,RESULT_BANNER_WIN_15_32_BRT_14_32_EDT,UNKNOWN
5,mr_iv4,RESULT,MONEY_HINT,2026-05-11 20:04:18,🟡 EMPATE = GANHOU · 17:04 BRT,RESULT_BANNER_WIN_EMPATE_GANHOU_17_04_BRT,UNKNOWN
5,mr_iv4,RESULT,MONEY_HINT,2026-05-26 11:57:52,📋 DAILY AUDIT — 2026-05-26 11:57 UTC,RESULT_GALE_DAILY_AUDIT_2026_05_26_11_57_UTC,UNKNOWN
5,mr_iv4,RESULT,MONEY_HINT,2026-05-08 03:51:33,🛡 FULL AUDIT — 33 findings,RESULT_GALE_FULL_AUDIT_33_FINDINGS,UNKNOWN
5,mr_iv4,RESULT,MONEY_HINT,2026-05-08 13:05:06,🛡 FULL AUDIT — 36 findings,RESULT_GALE_FULL_AUDIT_36_FINDINGS,UNKNOWN
5,mr_iv4,RESULT,MONEY_HINT,2026-04-27 20:22:08,❌ G2 FALHOU — 🔵 não veio,RESULT_GALE_G2_FALHOU_N_O_VEIO,UNKNOWN
5,mr_iv4,RESULT,MONEY_HINT,2026-05-11 17:53:18,🔍 MONITORAMENTO DE SINAIS — 13:53 EDT,RESULT_GALE_MONITORAMENTO_DE_SINAIS_13_53_EDT,UNKNOWN
5,mr_iv4,RESULT,MONEY_HINT,2026-05-27 23:06:23,🎯 WIN-DROP SCANNER — 19:06 EDT,RESULT_GALE_WIN_DROP_SCANNER_19_06_EDT,UNKNOWN
5,mr_iv4,UNKNOWN,,2026-06-01 05:22:58,📅 CYCLE SUMMARY @umgalesalabacbo123 — 01/06/2026 01:22:58,UNKNOWN_CYCLE_SUMMARY_UMGALESALABACBO123_01_06_2026_01_22_,UNKNOWN
5,mr_iv4,UNKNOWN,,2026-06-01 09:39:09,📅 CYCLE SUMMARY @umgalesalabacbo123 — 01/06/2026 05:39:08,UNKNOWN_CYCLE_SUMMARY_UMGALESALABACBO123_01_06_2026_05_39_,UNKNOWN
5,mr_iv4,UNKNOWN,,2026-06-06 05:12:10,📅 CYCLE SUMMARY @umgalesalabacbo123 — 06/06/2026 01:11:55,UNKNOWN_CYCLE_SUMMARY_UMGALESALABACBO123_06_06_2026_01_11_,UNKNOWN
5,mr_iv4,UNKNOWN,,2026-06-07 11:20:07,📅 CYCLE SUMMARY @umgalesalabacbo123 — 07/06/2026 07:20:07,UNKNOWN_CYCLE_SUMMARY_UMGALESALABACBO123_07_06_2026_07_20_,UNKNOWN
5,mr_iv4,UNKNOWN,,2026-06-09 12:49:27,📅 CYCLE SUMMARY @umgalesalabacbo123 — 09/06/2026 08:49:26,UNKNOWN_CYCLE_SUMMARY_UMGALESALABACBO123_09_06_2026_08_49_,UNKNOWN
5,mr_iv4,UNKNOWN,,2026-05-11 07:15:09,📅 CYCLE SUMMARY @umgalesalabacbo123 — 11/05/2026 03:15:09,UNKNOWN_CYCLE_SUMMARY_UMGALESALABACBO123_11_05_2026_03_15_,UNKNOWN
5,mr_iv4,UNKNOWN,,2026-06-19 02:03:08,📅 CYCLE SUMMARY @umgalesalabacbo123 — 18/06/2026 22:03:08,UNKNOWN_CYCLE_SUMMARY_UMGALESALABACBO123_18_06_2026_22_03_,UNKNOWN
5,mr_iv4,UNKNOWN,,2026-05-19 15:30:50,📅 CYCLE SUMMARY @umgalesalabacbo123 — 19/05/2026 11:30:50,UNKNOWN_CYCLE_SUMMARY_UMGALESALABACBO123_19_05_2026_11_30_,UNKNOWN
5,mr_iv4,UNKNOWN,,2026-06-19 05:00:25,📅 CYCLE SUMMARY @umgalesalabacbo123 — 19/06/2026 01:00:03,UNKNOWN_CYCLE_SUMMARY_UMGALESALABACBO123_19_06_2026_01_00_,UNKNOWN
5,mr_iv4,UNKNOWN,,2026-06-19 19:15:54,📅 CYCLE SUMMARY @umgalesalabacbo123 — 19/06/2026 15:14:35,UNKNOWN_CYCLE_SUMMARY_UMGALESALABACBO123_19_06_2026_15_14_,UNKNOWN
5,mr_iv4,UNKNOWN,,2026-05-20 11:14:19,📅 CYCLE SUMMARY @umgalesalabacbo123 — 20/05/2026 07:14:19,UNKNOWN_CYCLE_SUMMARY_UMGALESALABACBO123_20_05_2026_07_14_,UNKNOWN
5,mr_iv4,UNKNOWN,,2026-05-20 20:54:54,📅 CYCLE SUMMARY @umgalesalabacbo123 — 20/05/2026 16:54:54,UNKNOWN_CYCLE_SUMMARY_UMGALESALABACBO123_20_05_2026_16_54_,UNKNOWN
5,mr_iv4,UNKNOWN,,2026-05-21 01:53:44,📅 CYCLE SUMMARY @umgalesalabacbo123 — 20/05/2026 21:53:44,UNKNOWN_CYCLE_SUMMARY_UMGALESALABACBO123_20_05_2026_21_53_,UNKNOWN
5,mr_iv4,UNKNOWN,,2026-06-20 08:34:06,📅 CYCLE SUMMARY @umgalesalabacbo123 — 20/06/2026 04:34:06,UNKNOWN_CYCLE_SUMMARY_UMGALESALABACBO123_20_06_2026_04_34_,UNKNOWN
5,mr_iv4,UNKNOWN,,2026-06-20 19:36:46,📅 CYCLE SUMMARY @umgalesalabacbo123 — 20/06/2026 15:36:45,UNKNOWN_CYCLE_SUMMARY_UMGALESALABACBO123_20_06_2026_15_36_,UNKNOWN
5,mr_iv4,UNKNOWN,,2026-05-21 16:01:13,📅 CYCLE SUMMARY @umgalesalabacbo123 — 21/05/2026 12:01:12,UNKNOWN_CYCLE_SUMMARY_UMGALESALABACBO123_21_05_2026_12_01_,UNKNOWN
5,mr_iv4,UNKNOWN,,2026-05-21 17:06:13,📅 CYCLE SUMMARY @umgalesalabacbo123 — 21/05/2026 13:04:35,UNKNOWN_CYCLE_SUMMARY_UMGALESALABACBO123_21_05_2026_13_04_,UNKNOWN
5,mr_iv4,UNKNOWN,,2026-06-21 06:27:37,📅 CYCLE SUMMARY @umgalesalabacbo123 — 21/06/2026 02:27:37,UNKNOWN_CYCLE_SUMMARY_UMGALESALABACBO123_21_06_2026_02_27_,UNKNOWN
5,mr_iv4,UNKNOWN,,2026-05-24 18:16:19,📅 CYCLE SUMMARY @umgalesalabacbo123 — 24/05/2026 14:14:06,UNKNOWN_CYCLE_SUMMARY_UMGALESALABACBO123_24_05_2026_14_14_,UNKNOWN
5,mr_iv4,UNKNOWN,,2026-05-24 22:20:42,📅 CYCLE SUMMARY @umgalesalabacbo123 — 24/05/2026 18:20:42,UNKNOWN_CYCLE_SUMMARY_UMGALESALABACBO123_24_05_2026_18_20_,UNKNOWN
5,mr_iv4,UNKNOWN,,2026-05-25 01:04:39,📅 CYCLE SUMMARY @umgalesalabacbo123 — 24/05/2026 21:04:39,UNKNOWN_CYCLE_SUMMARY_UMGALESALABACBO123_24_05_2026_21_04_,UNKNOWN
5,mr_iv4,UNKNOWN,,2026-05-25 05:48:31,📅 CYCLE SUMMARY @umgalesalabacbo123 — 25/05/2026 01:40:03,UNKNOWN_CYCLE_SUMMARY_UMGALESALABACBO123_25_05_2026_01_40_,UNKNOWN
5,mr_iv4,UNKNOWN,,2026-05-26 00:23:14,📅 CYCLE SUMMARY @umgalesalabacbo123 — 25/05/2026 20:23:14,UNKNOWN_CYCLE_SUMMARY_UMGALESALABACBO123_25_05_2026_20_23_,UNKNOWN
5,mr_iv4,UNKNOWN,,2026-05-26 19:14:51,📅 CYCLE SUMMARY @umgalesalabacbo123 — 26/05/2026 15:14:51,UNKNOWN_CYCLE_SUMMARY_UMGALESALABACBO123_26_05_2026_15_14_,UNKNOWN
