rank_band,score,floor_id,role,label,sources,created_in_code,registered_family,seen_telegram,in_db,tg_count,tg_first_seen,db_fired,db_with_outcome,db_wins,db_g0,db_first_fired,tg_example,notes
PENTHOUSE,8278.639,FIRE_SOLO_ELITE_ENTER,FIRE,FIRE SOLO ELITE,CODE|DB|REGISTERED|TELEGRAM,True,True,True,True,11228,2026-03-19 21:55:33,1058,1058,832,1041,2026-03-19 21:55:33,💎 SOLO ELITE SIGNAL 💎,era 1; code:skin_census.py; template_hint:skin_census.py; code:skin_families.py; template_hint:skin_families.py; code:TELEGRAM_CARD_ERAS.md; template_hint:TELEGRAM_CARD_ERAS.md; template_hint:REPLIT_TELEGRAM_TYPE_ARCHAEOLOGY.sh; template_hint:hub_dispatch.py; template_hint:timing_presence_catalog.json; template_hint:museum_chrono_all_pairs.json; template_hint:museum_first5_fire_result.json; code:test_skin_census.py; template_hint:test_skin_census.py; code:test_telegram_skin_families.py; template_hint:test_telegram_skin_families.py; code:test_skin_gate.py; template_hint:test_skin_gate.py; db_kind=SOLO_ELITE
PENTHOUSE,8239.219,SIGNAL_KIND_SOLO_ELITE,FIRE,SIGNAL_KIND_SOLO_ELITE,CODE|DB,True,False,False,True,0,,1058,1058,832,1041,2026-03-19 21:55:33,,code:skin_census.py; code:skin_families.py; code:PROFITABLE_CARD_TYPES.md; code:REPLIT_TELEGRAM_FIRE.sh; code:REPLIT_MULTI_FLOOR.sh; code:CARD_TEMPLATE_TAXONOMY.md; code:REPLIT_ID_GAP_AND_MAR17.sh; code:REPLIT_SIGNAL_TAXONOMY_TREE.sh; code:TEMPLATE_CENSUS.md; code:REPLIT_FORCE_ALIASES.py; code:TELEGRAM_CARD_ERAS.md; code:REPLIT_TELEGRAM_TYPE_ARCHAEOLOGY.sh; code:BLUEPRINT_MAX_PROFIT.md; code:REPLIT_SIGNAL_TYPE_CENSUS.sh; code:REPLIT_PEAK_LOCK_APPLY.sh; code:LUXURY_BUILDING_DECISIONS.md; code:REPLIT_PEAK_PURE.sh; code:COUNTDOWN_START_AXIS.md; code:REPLIT_DO_EVERYTHING.sh; code:window_packer.py; code:omni_score.py; code:luxury_building_stack.py; code:dual_lane_router.py; code:hub_dispatch.py; code:hub_max_boot.py; code:fire_origin.py; code:skyscraper_stack_report.json; code:zero_miss_report.json; code:timing_presence_catalog.json; code:profit_organism_report.json; code:museum_chrono_all_pairs.json; code:g0_offset_oracle_report.json; code:early_result_audit.json; code:luxury_building_stack.json; code:historical_luxury_seed.json; code:edge_whitelist_engine.json; code:g0_secs_round_offset_report.json; code:omni_score_report.json; code:early_source_audit.json; code:elite_stack_audit.json; code:tri_brain_report.json; code:martingale_audit.json; code:museum_first5_fire_result.json; code:luxury_live_floors.json; code:skyscraper_floor_factory_report.json; code:vault_patterns.json; code:test_telegram_skin_families.py; code:test_skin_gate.py; db_kind=SOLO_ELITE
UPPER,3619.529,FIRE_SEQUENCE_ENTER,FIRE,FIRE SEQUENCE ENTER NOW,CODE|DB|REGISTERED|TELEGRAM,True,True,True,True,109,2026-03-20 00:45:09,560,560,414,500,2026-03-19 22:54:09,📊 SEQUENCE SIGNAL — ENTER NOW 📊,era 1; code:skin_census.py; code:skin_families.py; template_hint:skin_families.py; code:TELEGRAM_CARD_ERAS.md; template_hint:TELEGRAM_CARD_ERAS.md; template_hint:museum_chrono_all_pairs.json; db_kind=SEQUENCE
UPPER,3619.529,SIGNAL_KIND_SEQUENCE,FIRE,SIGNAL_KIND_SEQUENCE,CODE|DB,True,False,False,True,0,,560,560,414,500,2026-03-19 22:54:09,,code:skin_census.py; code:skin_families.py; code:PROFITABLE_CARD_TYPES.md; code:REPLIT_WATCH_FLOOR.sh; code:REPLIT_TELEGRAM_FIRE.sh; code:REPLIT_MULTI_FLOOR.sh; code:FINAL_LUXURY_BUILDING_PLAN.md; code:LUXURY_GOAL.md; code:REPLIT_FINISH.sh; code:CARD_TEMPLATE_TAXONOMY.md; code:REPLIT_FIX_DB_LOCKED_V2.sh; code:REPLIT_SIGNAL_TAXONOMY_TREE.sh; code:AGENT_MEMORY_CAPTURED.md; code:REPLIT_FIRE_AGAIN.sh; code:TEMPLATE_CENSUS.md; code:REPLIT_FORCE_ALIASES.py; code:TELEGRAM_CARD_ERAS.md; code:REPLIT_TELEGRAM_TYPE_ARCHAEOLOGY.sh; code:BLUEPRINT_MAX_PROFIT.md; code:REPLIT_FIRST_MR_IV4.sh; code:REPLIT_WIRE_TOWERS.sh; code:REPLIT_SIGNAL_TYPE_CENSUS.sh; code:REPLIT_PEAK_LOCK_APPLY.sh; code:README_ELITE_STACK_PATCH.md; code:LUXURY_BUILDING_DECISIONS.md; code:REPLIT_PEAK_PURE.sh; code:COUNTDOWN_START_AXIS.md; code:REPLIT_DO_EVERYTHING.sh; code:timing_presence_catalog.py; code:edge_whitelist_engine.py; code:g0_offset_oracle.py; code:window_packer.py; code:elite_stack_audit.py; code:luxury_building_stack.py; code:dual_lane_router.py; code:hub_dispatch.py; code:hub_max_boot.py; code:fire_origin.py; code:skyscraper_stack_report.json; code:hub_max_status.json; code:timing_presence_catalog.json; code:profit_organism_report.json; code:museum_chrono_all_pairs.json; code:g0_offset_oracle_report.json; code:early_result_audit.json; code:luxury_building_stack.json; code:historical_luxury_seed.json; code:edge_whitelist_engine.json; code:g0_secs_round_offset_report.json; code:omni_score_report.json; code:early_source_audit.json; code:elite_stack_audit.json; code:tri_brain_report.json; code:martingale_audit.json; code:luxury_live_floors.json; code:skyscraper_floor_factory_report.json; code:vault_patterns.json; code:test_telegram_skin_families.py; code:test_skin_gate.py; db_kind=SEQUENCE
UPPER,2438.042,FIRE_GOLDEN_ENTER,FIRE,FIRE GOLDEN ENTER NOW,CODE|DB|REGISTERED|TELEGRAM,True,True,True,True,2964,2026-03-19 22:57:45,338,338,265,306,2026-03-19 22:57:45,🏆 GOLDEN SIGNAL — ENTER NOW 🏆,era 1; code:skin_census.py; code:skin_families.py; template_hint:skin_families.py; template_hint:CARD_TEMPLATE_TAXONOMY.md; template_hint:MEGA_PROMPT_DUAL_LANE_COPY.md; code:TELEGRAM_CARD_ERAS.md; template_hint:TELEGRAM_CARD_ERAS.md; template_hint:REPLIT_TELEGRAM_TYPE_ARCHAEOLOGY.sh; template_hint:dual_lane_router.py; template_hint:hub_dispatch.py; template_hint:museum_chrono_all_pairs.json; template_hint:museum_first5_fire_result.json; code:test_skin_gate.py; template_hint:test_skin_gate.py; db_kind=GOLDEN
UPPER,2411.782,SIGNAL_KIND_GOLDEN,FIRE,SIGNAL_KIND_GOLDEN,CODE|DB,True,False,False,True,0,,338,338,265,306,2026-03-19 22:57:45,,code:skin_census.py; code:skin_families.py; code:PROFITABLE_CARD_TYPES.md; code:REPLIT_MULTI_FLOOR.sh; code:FINAL_LUXURY_BUILDING_PLAN.md; code:LUXURY_GOAL.md; code:REPLIT_FINISH.sh; code:CARD_TEMPLATE_TAXONOMY.md; code:MEGA_PROMPT_DUAL_LANE_COPY.md; code:REPLIT_ID_GAP_AND_MAR17.sh; code:REPLIT_SIGNAL_TAXONOMY_TREE.sh; code:AGENT_MEMORY_CAPTURED.md; code:TEMPLATE_CENSUS.md; code:REPLIT_FORCE_ALIASES.py; code:TELEGRAM_CARD_ERAS.md; code:REPLIT_TELEGRAM_TYPE_ARCHAEOLOGY.sh; code:BLUEPRINT_MAX_PROFIT.md; code:REPLIT_FIRST_MR_IV4.sh; code:REPLIT_FLOOR_MAX.sh; code:REPLIT_SIGNAL_TYPE_CENSUS.sh; code:REPLIT_PEAK_LOCK_APPLY.sh; code:LUXURY_BUILDING_DECISIONS.md; code:REPLIT_PEAK_PURE.sh; code:COUNTDOWN_START_AXIS.md; code:REPLIT_DO_EVERYTHING.sh; code:timing_presence_catalog.py; code:window_packer.py; code:hub_engine_route.py; code:luxury_building_stack.py; code:dual_lane_router.py; code:hub_dispatch.py; code:hub_max_boot.py; code:fire_origin.py; code:skyscraper_stack_report.json; code:zero_miss_report.json; code:hub_max_status.json; code:timing_presence_catalog.json; code:profit_organism_report.json; code:museum_chrono_all_pairs.json; code:g0_offset_oracle_report.json; code:early_result_audit.json; code:luxury_building_stack.json; code:historical_luxury_seed.json; code:edge_whitelist_engine.json; code:g0_secs_round_offset_report.json; code:omni_score_report.json; code:early_source_audit.json; code:elite_stack_audit.json; code:tri_brain_report.json; code:martingale_audit.json; code:museum_first5_fire_result.json; code:luxury_live_floors.json; code:skyscraper_floor_factory_report.json; code:vault_patterns.json; code:test_telegram_skin_families.py; code:test_skin_gate.py; db_kind=GOLDEN
UPPER,1389.753,FIRE_PLATINUM_ENTER,FIRE,FIRE PLATINUM,CODE|DB|REGISTERED|TELEGRAM,True,True,True,True,1377,2026-03-20 21:29:53,229,229,174,185,2026-03-20 21:29:53,💠 PLATINUM SIGNAL — PAR DE OURO,era 1; code:skin_census.py; template_hint:skin_census.py; code:skin_families.py; template_hint:skin_families.py; code:TELEGRAM_CARD_ERAS.md; template_hint:TELEGRAM_CARD_ERAS.md; template_hint:museum_chrono_all_pairs.json; db_kind=PLATINUM
UPPER,1378.273,SIGNAL_KIND_PLATINUM,FIRE,SIGNAL_KIND_PLATINUM,CODE|DB,True,False,False,True,0,,229,229,174,185,2026-03-20 21:29:53,,code:skin_census.py; code:skin_families.py; code:PROFITABLE_CARD_TYPES.md; code:REPLIT_TELEGRAM_FIRE.sh; code:REPLIT_MULTI_FLOOR.sh; code:FINAL_LUXURY_BUILDING_PLAN.md; code:CARD_TEMPLATE_TAXONOMY.md; code:REPLIT_SIGNAL_TAXONOMY_TREE.sh; code:TEMPLATE_CENSUS.md; code:REPLIT_FORCE_ALIASES.py; code:TELEGRAM_CARD_ERAS.md; code:REPLIT_TELEGRAM_TYPE_ARCHAEOLOGY.sh; code:BLUEPRINT_MAX_PROFIT.md; code:REPLIT_FIRST_MR_IV4.sh; code:REPLIT_SIGNAL_TYPE_CENSUS.sh; code:REPLIT_PEAK_LOCK_APPLY.sh; code:LUXURY_BUILDING_DECISIONS.md; code:REPLIT_PEAK_PURE.sh; code:REPLIT_DO_EVERYTHING.sh; code:timing_presence_catalog.py; code:window_packer.py; code:hub_engine_route.py; code:luxury_building_stack.py; code:dual_lane_router.py; code:hub_dispatch.py; code:fire_origin.py; code:skyscraper_stack_report.json; code:zero_miss_report.json; code:timing_presence_catalog.json; code:early_result_audit.json; code:luxury_building_stack.json; code:historical_luxury_seed.json; code:edge_whitelist_engine.json; code:g0_secs_round_offset_report.json; code:early_source_audit.json; code:elite_stack_audit.json; code:tri_brain_report.json; code:martingale_audit.json; code:luxury_live_floors.json; code:skyscraper_floor_factory_report.json; code:vault_patterns.json; db_kind=PLATINUM
UPPER,50.0,FIRE_SOLO_ELITE_SIGNAL,FIRE,FIRE_SOLO_ELITE_SIGNAL,CODE|TELEGRAM_NAMED,True,False,True,False,11228,2026-03-19 21:55:33,0,0,0,0,,💎 SOLO ELITE SIGNAL 💎,code:REPLIT_TELEGRAM_TYPE_ARCHAEOLOGY.sh; code:test_skin_census.py; raw_named→FIRE_SOLO_ELITE_ENTER
UPPER,50.0,RESULT_WIN_TIER,RESULT,RESULT WIN — kind,CODE|REGISTERED|TELEGRAM,True,True,True,False,10904,2026-03-19 23:52:41,0,0,0,0,,✅ WIN — SOLO_ELITE,era 1b; code:skin_census.py; code:skin_families.py; template_hint:skin_families.py; template_hint:CARD_TEMPLATE_TAXONOMY.md; template_hint:REPLIT_SIGNAL_TAXONOMY_TREE.sh; template_hint:TEMPLATE_CENSUS.md; code:TELEGRAM_CARD_ERAS.md; template_hint:TELEGRAM_CARD_ERAS.md; template_hint:REPLIT_TELEGRAM_TYPE_ARCHAEOLOGY.sh; template_hint:COUNTDOWN_START_AXIS.md; template_hint:dual_lane_router.py
UPPER,50.0,RESULT_GALE_OUTCOME,RESULT,RESULT_GALE_OUTCOME,CODE|TELEGRAM,True,False,True,False,9572,2026-04-21 11:57:21,0,0,0,0,,🚨 AGUARDANDO G3 — ÚLTIMA CHANCE / LAST CHANCE 🚨,code:skin_census.py; collapsed_gale_outcome
UPPER,50.0,OPS_PREALERT_3BOLT,OPS,PREALERT 3-bolt,CODE|REGISTERED|TELEGRAM,True,True,True,False,6828,2026-04-30 10:14:34,0,0,0,0,,⚡⚡⚡ SINAL FORMANDO,era 3; code:skin_families.py
UPPER,50.0,RESULT_WIN_SOLO_ELITE,RESULT,RESULT_WIN_SOLO_ELITE,CODE|TELEGRAM_NAMED,True,False,True,False,6054,2026-03-19 23:52:41,0,0,0,0,,✅ WIN — SOLO_ELITE,code:REPLIT_TELEGRAM_TYPE_ARCHAEOLOGY.sh; raw_named→RESULT_WIN_TIER
UPPER,43.14,OPS_LOSS_COOLDOWN,OPS,OPS loss cooldown,CODE|REGISTERED|TELEGRAM,True,True,True,False,4314,2026-03-20 00:34:50,0,0,0,0,,⚠️ LOSS COOLDOWN ACTIVATED,era 2; code:skin_families.py
UPPER,39.45,OPS_SEQ_EMPATES,OPS,OPS sequência empates,CODE|REGISTERED|TELEGRAM,True,True,True,False,3945,2026-04-30 10:37:28,0,0,0,0,,🟡🟡🟡 SEQUÊNCIA DE EMPATES,era 3; code:skin_families.py
UPPER,35.33,ONLINE_BANNER,ONLINE,ONLINE banner,CODE|REGISTERED|TELEGRAM,True,True,True,False,3533,2026-03-17 08:37:17,0,0,0,0,,🟢 BacBo Royal UserBot ONLINE 🟢,era 0; code:skin_census.py; template_hint:skin_census.py; code:skin_families.py; template_hint:skin_families.py; code:TELEGRAM_CARD_ERAS.md; template_hint:TELEGRAM_CARD_ERAS.md; code:REPLIT_TELEGRAM_TYPE_ARCHAEOLOGY.sh; template_hint:REPLIT_TELEGRAM_TYPE_ARCHAEOLOGY.sh; template_hint:hub_engine_route.py; template_hint:timing_presence_catalog.json
UPPER,29.64,FIRE_GOLDEN_SIGNAL_ENTER_NOW,FIRE,FIRE_GOLDEN_SIGNAL_ENTER_NOW,CODE|TELEGRAM_NAMED,True,False,True,False,2964,2026-03-19 22:57:45,0,0,0,0,,🏆 GOLDEN SIGNAL — ENTER NOW 🏆,code:REPLIT_TELEGRAM_TYPE_ARCHAEOLOGY.sh; raw_named→FIRE_GOLDEN_ENTER
UPPER,29.61,RESULT_LOSS_TIER,RESULT,RESULT LOSS — kind,CODE|REGISTERED|TELEGRAM,True,True,True,False,2961,2026-03-19 23:55:31,0,0,0,0,,❌ LOSS — GOLDEN,era 1b; code:skin_census.py; code:skin_families.py; template_hint:skin_families.py; template_hint:TEMPLATE_CENSUS.md; code:TELEGRAM_CARD_ERAS.md; template_hint:TELEGRAM_CARD_ERAS.md
UPPER,24.34,CD_FIRE_TIMER_BRT_EDT_APOSTAR,FIRE,CD_FIRE_TIMER_BRT_EDT_APOSTAR,CODE|TELEGRAM_UNMAPPED,True,False,True,False,2434,2026-04-25 16:23:37,0,0,0,0,,⛔ DO NOT BET — ROUND PASSED ⛔,code:skin_census.py; template_hint:skin_census.py; code:PROFITABLE_CARD_TYPES.md; template_hint:PROFITABLE_CARD_TYPES.md; code:CARD_TEMPLATE_TAXONOMY.md; template_hint:CARD_TEMPLATE_TAXONOMY.md; code:TEMPLATE_CENSUS.md; template_hint:TEMPLATE_CENSUS.md; code:PROFIT_MAX_MODEL.md; template_hint:PROFIT_MAX_MODEL.md; code:REPLIT_TELEGRAM_TYPE_ARCHAEOLOGY.sh; template_hint:REPLIT_TELEGRAM_TYPE_ARCHAEOLOGY.sh; code:luxury_building_stack.py; template_hint:luxury_building_stack.py; code:dual_lane_router.py; template_hint:dual_lane_router.py; code:luxury_building_stack.json; template_hint:luxury_building_stack.json; unmapped_telegram
UPPER,19.24,RESULT_WIN_GOLDEN,RESULT,RESULT_WIN_GOLDEN,TELEGRAM_NAMED,False,False,True,False,1924,2026-03-19 23:52:41,0,0,0,0,,✅ WIN — GOLDEN,raw_named→RESULT_WIN_TIER
UPPER,19.2,RESULT_LOSS_G0_FALHOU,RESULT,RESULT_LOSS_G0_FALHOU,TELEGRAM_NAMED,False,False,True,False,1920,2026-03-20 09:10:40,0,0,0,0,,❌ LOSS — G0 FALHOU,raw_named→RESULT_LOSS_TIER
UPPER,17.99,CD_RES_RODADAS_TEMPO,RESULT,CD_RES_RODADAS_TEMPO,CODE|TELEGRAM_UNMAPPED,True,False,True,False,1799,2026-04-04 09:44:07,0,0,0,0,,✅✅ WIN na 2ª tentativa! ✅✅,code:skin_census.py; template_hint:skin_census.py; code:PROFITABLE_CARD_TYPES.md; template_hint:PROFITABLE_CARD_TYPES.md; code:TEMPLATE_CENSUS.md; template_hint:TEMPLATE_CENSUS.md; code:PROFIT_MAX_MODEL.md; template_hint:PROFIT_MAX_MODEL.md; code:REPLIT_TELEGRAM_TYPE_ARCHAEOLOGY.sh; template_hint:REPLIT_TELEGRAM_TYPE_ARCHAEOLOGY.sh; code:luxury_building_stack.py; template_hint:luxury_building_stack.py; code:luxury_building_stack.json; template_hint:luxury_building_stack.json; unmapped_telegram
UPPER,17.63,OPS_SEQ_QUENTE,OPS,OPS sequência quente,CODE|REGISTERED|TELEGRAM,True,True,True,False,1763,2026-04-29 06:49:47,0,0,0,0,,🔥🔥🔥 SEQUÊNCIA QUENTE,era 3; code:skin_census.py; code:skin_families.py; template_hint:skin_families.py; template_hint:TELEGRAM_CARD_ERAS.md; template_hint:hub_engine_route.py; template_hint:timing_presence_catalog.json
UPPER,17.37,OPS_ELITE_ANALISANDO,OPS,OPS ELITE ANALISANDO,CODE|REGISTERED|TELEGRAM,True,True,True,False,1737,2026-03-20 21:41:04,0,0,0,0,,⚡ ELITE ANALISANDO,era 6; code:skin_families.py
UPPER,17.11,OPS_STREAK_BANNER,OPS,STREAK banner,CODE|REGISTERED|TELEGRAM,True,True,True,False,1711,2026-05-05 12:19:43,0,0,0,0,,🎰 SEQUÊNCIA Nx 🔴 VERMELHO,era 3; code:skin_families.py
UPPER,16.74,RESULT_GREEN_COMPACT_G1,RESULT,RESULT GREEN compact G1,CODE|REGISTERED|TELEGRAM,True,True,True,False,1674,2026-05-11 11:21:44,0,0,0,0,,♻️ GREEN · G1 · HH:MM BRT,era 4; code:skin_families.py
UPPER,16.58,OPS_CAMADAS_DO_DIA,OPS,CAMADAS DO DIA,CODE|REGISTERED|TELEGRAM,True,True,True,False,1658,2026-05-07 22:38:50,0,0,0,0,,🏆 CAMADAS DO DIA — DD/MM/YYYY,era 3; code:skin_census.py; template_hint:skin_census.py; code:skin_families.py; template_hint:skin_families.py; template_hint:CHRONO_MUSEUM.md; template_hint:TEMPLATE_CENSUS.md; template_hint:TELEGRAM_CARD_ERAS.md; template_hint:museum_chrono_all_pairs.json
UPPER,16.13,RESULT_WIN_SEQUENCE,RESULT,RESULT_WIN_SEQUENCE,TELEGRAM_NAMED,False,False,True,False,1613,2026-03-20 00:45:09,0,0,0,0,,✅ WIN — SEQUENCE,raw_named→RESULT_WIN_TIER
UPPER,15.88,RESULT_GREEN_COMPACT_G0,RESULT,RESULT GREEN compact G0,CODE|REGISTERED|TELEGRAM,True,True,True,False,1588,2026-05-11 10:15:16,0,0,0,0,,✅ GREEN · G0 · HH:MM BRT,era 4; code:skin_families.py
UPPER,14.93,CD_FIRE_QUANTUM_LOCK,FIRE,CD_FIRE_QUANTUM_LOCK,CODE|TELEGRAM_UNMAPPED,True,False,True,False,1493,2026-04-28 20:53:12,0,0,0,0,,⏱️⏱️ H21 UTC em 7 min · 5:00 PM EDT ⏱️⏱️,code:skin_census.py; template_hint:skin_census.py; code:PROFITABLE_CARD_TYPES.md; template_hint:PROFITABLE_CARD_TYPES.md; code:REPLIT_TELEGRAM_TYPE_ARCHAEOLOGY.sh; template_hint:REPLIT_TELEGRAM_TYPE_ARCHAEOLOGY.sh; code:dual_lane_router.py; template_hint:dual_lane_router.py; unmapped_telegram
UPPER,13.77,FIRE_PLATINUM,FIRE,FIRE_PLATINUM,CODE|TELEGRAM_NAMED,True,False,True,False,1377,2026-03-20 21:29:53,0,0,0,0,,💠💠💠 PLATINUM SIGNAL — PAR DE OURO 💠💠💠,code:REPLIT_TELEGRAM_TYPE_ARCHAEOLOGY.sh; raw_named→FIRE_PLATINUM_ENTER
UPPER,12.95,RESULT_AUTO_TIE,RESULT,RESULT AUTO TIE banner,CODE|REGISTERED|TELEGRAM,True,True,True,False,1295,2026-03-19 22:58:45,0,0,0,0,,⚪ AUTO TIE @…,era 1b; code:skin_families.py
UPPER,12.48,FIRE_GALE_RETENTATIVA,FIRE,FIRE gale RETENTATIVA,CODE|REGISTERED|TELEGRAM,True,True,True,False,1248,2026-03-20 00:48:58,0,0,0,0,,♻️ GALE 1 — RETENTATIVA,Distinct from FIRE_GALE_ENTRE_NOVAMENTE; code:skin_census.py; code:skin_families.py; template_hint:skin_families.py; code:TELEGRAM_CARD_ERAS.md; template_hint:TELEGRAM_CARD_ERAS.md; template_hint:REPLIT_TELEGRAM_TYPE_ARCHAEOLOGY.sh; template_hint:museum_chrono_all_pairs.json; code:test_telegram_skin_families.py; template_hint:test_telegram_skin_families.py; code:test_skin_gate.py; template_hint:test_skin_gate.py
UPPER,10.17,FIRE_JANELA_TIMED,FIRE,TIMED JANELA (any N),CODE|REGISTERED|TELEGRAM,True,True,True,False,1017,2026-03-21 15:45:36,0,0,0,0,,⛔ JANELA FECHADA — NÃO ENTRE… / JANELA: Ns,Variable-N family — do not split per seconds; code:skin_census.py; code:skin_families.py; template_hint:skin_families.py; template_hint:CARD_TEMPLATE_TAXONOMY.md; template_hint:MEGA_PROMPT_DUAL_LANE_COPY.md; code:TELEGRAM_CARD_ERAS.md; template_hint:REPLIT_TELEGRAM_TYPE_ARCHAEOLOGY.sh; template_hint:TIMING_CLOCKS.md; template_hint:COUNTDOWN_START_AXIS.md; template_hint:timing_presence_catalog.py; template_hint:dual_lane_router.py; template_hint:timing_presence_catalog.json; code:test_skin_census.py; template_hint:test_skin_census.py; code:test_telegram_skin_families.py; template_hint:test_telegram_skin_families.py; collapsed_janela_ns
UPPER,9.47,OPS_SEQ_FRIA,OPS,OPS sequência fria,CODE|REGISTERED|TELEGRAM,True,True,True,False,947,2026-04-29 13:18:29,0,0,0,0,,🧊🧊🧊 SEQUÊNCIA FRIA — PAUSAR,era 3; code:skin_census.py; code:skin_families.py; template_hint:skin_families.py; template_hint:TELEGRAM_CARD_ERAS.md
UPPER,8.03,FIRE_EMPATE_DIRETO_G0,FIRE,FIRE EMPATE DIRETO G0,CODE|REGISTERED|TELEGRAM,True,True,True,False,803,2026-05-01 09:40:24,0,0,0,0,,🎯🟡 EMPATE DIRETO — G0,era 3; code:skin_census.py; template_hint:skin_census.py; code:skin_families.py; template_hint:skin_families.py; code:TELEGRAM_CARD_ERAS.md; template_hint:TELEGRAM_CARD_ERAS.md
UPPER,7.98,FIRE_GALE_1_RETENTATIVA_SOLO_ELITE,FIRE,FIRE_GALE_1_RETENTATIVA_SOLO_ELITE,CODE|TELEGRAM_NAMED,True,False,True,False,798,2026-03-20 00:48:58,0,0,0,0,,♻️ GALE 1 — RETENTATIVA (1 room at G1),code:REPLIT_TELEGRAM_TYPE_ARCHAEOLOGY.sh; raw_named→FIRE_GALE_RETENTATIVA
UPPER,7.39,FIRE_SEQUENCE_APOSTAR,FIRE,FIRE SEQUENCE APOSTAR AGORA,CODE|REGISTERED|TELEGRAM,True,True,True,False,739,2026-07-11 23:49:21,0,0,0,0,,⚡ SEQUENCE — APOSTAR AGORA,era 6; code:skin_families.py
UPPER,6.75,RESULT_EMPATE,RESULT,RESULT EMPATE — kind,CODE|REGISTERED|TELEGRAM,True,True,True,False,675,2026-03-20 00:21:42,0,0,0,0,,🟡 EMPATE — SOLO_ELITE,Keep RESULT_EMPATE:SOLO_ELITE distinct; code:skin_census.py; code:skin_families.py; template_hint:skin_families.py; code:TELEGRAM_CARD_ERAS.md; template_hint:TELEGRAM_CARD_ERAS.md; template_hint:REPLIT_TELEGRAM_TYPE_ARCHAEOLOGY.sh; code:test_telegram_skin_families.py; template_hint:test_telegram_skin_families.py; code:test_skin_gate.py; template_hint:test_skin_gate.py
UPPER,6.38,RESULT_TIMED_WINDOW,RESULT,RESULT timed ~Ns window,CODE|REGISTERED|TELEGRAM,True,True,True,False,638,2026-04-30 20:37:04,0,0,0,0,,🕐 HH:MM:SS EDT · … · ~Ns window,Clock C / resolve window reporting — variable N; code:skin_families.py; code:TELEGRAM_CARD_ERAS.md
UPPER,5.92,RESULT_LOSS_SOLO_ELITE,RESULT,RESULT_LOSS_SOLO_ELITE,TELEGRAM_NAMED,False,False,True,False,592,2026-03-19 23:55:32,0,0,0,0,,❌ LOSS — SOLO_ELITE,raw_named→RESULT_LOSS_TIER
UPPER,5.39,CD_RES_GREEN_G_BRT,RESULT,CD_RES_GREEN_G_BRT,CODE|TELEGRAM_NAMED,True,False,True,False,539,2026-04-30 20:37:04,0,0,0,0,,🕐 16:37:04 EDT  ·  ~12s window,code:skin_census.py; template_hint:skin_census.py; code:PROFITABLE_CARD_TYPES.md; template_hint:PROFITABLE_CARD_TYPES.md; code:TEMPLATE_CENSUS.md; template_hint:TEMPLATE_CENSUS.md; code:PROFIT_MAX_MODEL.md; template_hint:PROFIT_MAX_MODEL.md; code:REPLIT_TELEGRAM_TYPE_ARCHAEOLOGY.sh; template_hint:REPLIT_TELEGRAM_TYPE_ARCHAEOLOGY.sh; code:luxury_building_stack.py; template_hint:luxury_building_stack.py; code:luxury_building_stack.json; template_hint:luxury_building_stack.json; raw_named→RESULT_TIMED_WINDOW
UPPER,5.28,RESULT_WIN_PLATINUM,RESULT,RESULT_WIN_PLATINUM,TELEGRAM_NAMED,False,False,True,False,528,2026-05-08 13:33:50,0,0,0,0,,✅ WIN — PLATINUM,raw_named→RESULT_WIN_TIER
UPPER,5.18,RESULT_GREEN_LEGACY_G0,RESULT,RESULT GREEN legacy G0,CODE|REGISTERED|TELEGRAM,True,True,True,False,518,2026-03-20 10:17:11,0,0,0,0,,✅✅✅ GREEN — VITÓRIA NO G0!,era 1b; code:skin_families.py
MID,496.73,FIRE_FLASH_APOSTAR,FIRE,FIRE FLASH APOSTAR AGORA,CODE|DB|REGISTERED|TELEGRAM,True,True,True,True,2,2026-07-17 06:00:24,48,48,45,40,2026-07-17 06:00:20,⚡ FLASH — APOSTAR AGORA,era 6; code:skin_census.py; code:skin_families.py; db_kind=FLASH
MID,496.73,SIGNAL_KIND_FLASH,FIRE,SIGNAL_KIND_FLASH,CODE|DB,True,False,False,True,0,,48,48,45,40,2026-07-17 06:00:20,,code:skin_census.py; code:skin_families.py; code:FINAL_LUXURY_BUILDING_PLAN.md; code:LUXURY_GOAL.md; code:REPLIT_SIGNAL_TAXONOMY_TREE.sh; code:TEMPLATE_CENSUS.md; code:TELEGRAM_CARD_ERAS.md; code:REPLIT_TELEGRAM_TYPE_ARCHAEOLOGY.sh; code:BLUEPRINT_MAX_PROFIT.md; code:REPLIT_PEAK_PURE.sh; code:hub_engine_route.py; code:hub_dispatch.py; code:g0_secs_round_offset_report.json; code:early_source_audit.json; code:tri_brain_report.json; db_kind=FLASH
MID,4.6,FIRE_EMPTY,FIRE,FIRE_EMPTY,TELEGRAM_UNMAPPED,False,False,True,False,460,2026-04-21 08:24:45,0,0,0,0,,⚡⚡⚡⚡⚡⚡⚡⚡⚡⚡⚡⚡,unmapped_telegram
MID,4.5,FIRE_GALE_1_RETENTATIVA_GOLDEN,FIRE,FIRE_GALE_1_RETENTATIVA_GOLDEN,TELEGRAM_NAMED,False,False,True,False,450,2026-03-20 04:12:10,0,0,0,0,,♻️ GALE 1 — RETENTATIVA (1 room at G1),raw_named→FIRE_GALE_RETENTATIVA
MID,4.46,OPS_AUDIT_360,OPS,OPS AUDIT 360,CODE|REGISTERED|TELEGRAM,True,True,True,False,446,2026-05-01 13:52:09,0,0,0,0,,📊 AUDIT 360° (DB only),era 3; code:skin_families.py
MID,4.18,OPS_DIVERGENCIA_SALAS,OPS,OPS divergência de salas,CODE|REGISTERED|TELEGRAM,True,True,True,False,418,2026-04-22 14:25:39,0,0,0,0,,🟠 DIVERGÊNCIA DE SALAS,era 6; code:skin_families.py
MID,4.02,FIRE_GALE_ENTRE_NOVAMENTE,FIRE,FIRE gale Entre novamente,CODE|REGISTERED|TELEGRAM,True,True,True,False,402,2026-03-19 23:55:32,0,0,0,0,,🔁 GALE 1 — Entre novamente,Distinct from FIRE_GALE_RETENTATIVA; code:skin_census.py; code:skin_families.py; template_hint:skin_families.py; code:TELEGRAM_CARD_ERAS.md; template_hint:TELEGRAM_CARD_ERAS.md; code:test_telegram_skin_families.py; template_hint:test_telegram_skin_families.py
MID,3.29,OPS_DUPLO_ELITE,OPS,OPS duplo elite,CODE|REGISTERED|TELEGRAM,True,True,True,False,329,2026-03-20 22:43:38,0,0,0,0,,🔮 DUPLO ELITE ANALISANDO,era 2; code:skin_families.py
MID,3.28,RESULT_EMPATE_SOLO_ELITE,RESULT,RESULT_EMPATE_SOLO_ELITE,CODE|TELEGRAM_NAMED,True,False,True,False,328,2026-03-20 00:21:42,0,0,0,0,,🟡 EMPATE — SOLO_ELITE,code:REPLIT_TELEGRAM_TYPE_ARCHAEOLOGY.sh; raw_named→RESULT_EMPATE
MID,3.09,FIRE_COMPACT_HASH,FIRE,COMPACT SIGNAL #,CODE|REGISTERED|TELEGRAM,True,True,True,False,309,2026-07-05 16:50:40,0,0,0,0,,🔵 SIGNAL #51250 -- SOLO_ELITE red | rooms: @…,era 5; code:skin_families.py; code:TELEGRAM_CARD_ERAS.md
MID,3.02,CD_FIRE_RUSH_NS_LEFT,FIRE,CD_FIRE_RUSH_NS_LEFT,CODE|TELEGRAM_UNMAPPED,True,False,True,False,302,2026-04-25 16:15:50,0,0,0,0,,⚡ RUSH — 9s LEFT — ACT NOW ⚡,code:skin_census.py; template_hint:skin_census.py; code:PROFITABLE_CARD_TYPES.md; template_hint:PROFITABLE_CARD_TYPES.md; code:REPLIT_TELEGRAM_TYPE_ARCHAEOLOGY.sh; template_hint:REPLIT_TELEGRAM_TYPE_ARCHAEOLOGY.sh; code:dual_lane_router.py; template_hint:dual_lane_router.py; unmapped_telegram
MID,2.61,OPS_PREALERT_FORMING,OPS,PREALERT forming,CODE|REGISTERED|TELEGRAM,True,True,True,False,261,2026-03-20 20:25:16,0,0,0,0,,⚡ SINAL SE FORMANDO ⚡,era 2; code:skin_families.py
MID,2.42,OPS_TRIPLE_LOCK,OPS,OPS triple lock,CODE|REGISTERED|TELEGRAM,True,True,True,False,242,2026-03-31 18:21:06,0,0,0,0,,🔐🔐🔐 TRIPLE LOCK CHEGANDO,era 2; code:skin_census.py; template_hint:skin_census.py; code:skin_families.py; template_hint:skin_families.py; template_hint:TELEGRAM_CARD_ERAS.md; template_hint:timing_presence_catalog.json
MID,2.27,FIRE_PREPARE_G1,FIRE,FIRE PREPARE G1,CODE|REGISTERED|TELEGRAM,True,True,True,False,227,2026-05-01 10:13:46,0,0,0,0,,♟ PREPARE O G1 — Provável…,era 3; code:skin_census.py; template_hint:skin_census.py; code:skin_families.py; template_hint:skin_families.py; code:TELEGRAM_CARD_ERAS.md; template_hint:TELEGRAM_CARD_ERAS.md
MID,1.95,CD_RES_BELL_GANHOU,RESULT,CD_RES_BELL_GANHOU,CODE|TELEGRAM_NAMED,True,False,True,False,195,2026-03-23 17:23:15,0,0,0,0,,⚡ SINAL SE FORMANDO ⚡,code:skin_census.py; template_hint:skin_census.py; code:PROFITABLE_CARD_TYPES.md; template_hint:PROFITABLE_CARD_TYPES.md; code:TEMPLATE_CENSUS.md; template_hint:TEMPLATE_CENSUS.md; code:PROFIT_MAX_MODEL.md; template_hint:PROFIT_MAX_MODEL.md; code:REPLIT_TELEGRAM_TYPE_ARCHAEOLOGY.sh; template_hint:REPLIT_TELEGRAM_TYPE_ARCHAEOLOGY.sh; code:luxury_building_stack.py; template_hint:luxury_building_stack.py; code:luxury_building_stack.json; template_hint:luxury_building_stack.json; raw_named→OPS_PREALERT_FORMING
MID,1.82,RESULT_LOSS_SEQUENCE,RESULT,RESULT_LOSS_SEQUENCE,TELEGRAM_NAMED,False,False,True,False,182,2026-03-20 02:04:37,0,0,0,0,,❌ LOSS — SEQUENCE,raw_named→RESULT_LOSS_TIER
MID,1.74,RESULT_COMPACT_WIN_HASH,RESULT,COMPACT WIN #,CODE|REGISTERED|TELEGRAM,True,True,True,False,174,2026-07-05 17:16:10,0,0,0,0,,✅ WIN #51252 G0,era 5; code:skin_families.py
MID,1.73,RESULT_LOSS_GOLDEN,RESULT,RESULT_LOSS_GOLDEN,TELEGRAM_NAMED,False,False,True,False,173,2026-03-19 23:55:31,0,0,0,0,,❌ LOSS — GOLDEN,raw_named→RESULT_LOSS_TIER
MID,1.67,FIRE_G0_DIRETO,FIRE,FIRE G0 DIRETO,CODE|REGISTERED|TELEGRAM,True,True,True,False,167,2026-05-01 09:52:45,0,0,0,0,,⚡ G0 DIRETO — Entre com confiança,era 3; code:skin_census.py; template_hint:skin_census.py; code:skin_families.py; template_hint:skin_families.py; code:TELEGRAM_CARD_ERAS.md; template_hint:TELEGRAM_CARD_ERAS.md
MID,1.58,RESULT_EMPATE_SEQUENCE,RESULT,RESULT_EMPATE_SEQUENCE,TELEGRAM_NAMED,False,False,True,False,158,2026-03-20 01:50:17,0,0,0,0,,🟡 EMPATE — SEQUENCE,raw_named→RESULT_EMPATE
MID,1.4,RESULT_GREEN_LEGACY_G1,RESULT,RESULT GREEN legacy G1,CODE|REGISTERED|TELEGRAM,True,True,True,False,140,2026-03-20 10:21:23,0,0,0,0,,♻️♻️♻️ GREEN — RECUPERADO NO G1!,era 1b; code:skin_families.py
MID,1.14,RESULT_EMPATE_GOLDEN,RESULT,RESULT_EMPATE_GOLDEN,TELEGRAM_NAMED,False,False,True,False,114,2026-03-20 01:58:13,0,0,0,0,,🟡 EMPATE — GOLDEN,raw_named→RESULT_EMPATE
MID,1.09,FIRE_SEQUENCE,FIRE,FIRE_SEQUENCE,CODE|TELEGRAM_NAMED,True,False,True,False,109,2026-03-20 00:45:09,0,0,0,0,,📊 SEQUENCE SIGNAL — ENTER NOW 📊,code:REPLIT_TELEGRAM_TYPE_ARCHAEOLOGY.sh; raw_named→FIRE_SEQUENCE_ENTER
MID,1.05,FIRE_GOD_TIER_SYNC_APERTADO_3_SALAS_TOP_CONF_75,FIRE,FIRE_GOD_TIER_SYNC_APERTADO_3_SALAS_TOP_CONF_75,TELEGRAM_UNMAPPED,False,False,True,False,105,2026-04-22 12:42:56,0,0,0,0,,💎 GOD-TIER — Sync apertado + ≥3 salas top + conf≥75%,unmapped_telegram
MID,0.83,RESULT_COMPACT_LOSS_HASH,RESULT,COMPACT LOSS #,CODE|REGISTERED|TELEGRAM,True,True,True,False,83,2026-07-05 16:56:28,0,0,0,0,,❌ LOSS #51250 G0,era 5; code:skin_families.py
MID,0.82,FIRE_SOLO_APOSTAR,FIRE,FIRE SOLO APOSTAR AGORA,CODE|REGISTERED|TELEGRAM,True,True,True,False,82,2026-07-11 23:40:15,0,0,0,0,,⚡ SOLO ELITE — APOSTAR AGORA,era 6; code:skin_families.py; code:test_telegram_skin_families.py
MID,0.63,FIRE_SINAL_RETIDO_LIBERADO,FIRE,FIRE_SINAL_RETIDO_LIBERADO,CODE|TELEGRAM_UNMAPPED,True,False,True,False,63,2026-04-23 19:22:10,0,0,0,0,,⏳ *Sinal Retido → Liberado* _(recuperação concluída)_,code:skin_census.py; template_hint:skin_census.py; template_hint:CARD_TEMPLATE_TAXONOMY.md; template_hint:MEGA_PROMPT_DUAL_LANE_COPY.md; template_hint:TEMPLATE_CENSUS.md; code:REPLIT_TELEGRAM_TYPE_ARCHAEOLOGY.sh; template_hint:REPLIT_TELEGRAM_TYPE_ARCHAEOLOGY.sh; template_hint:hub_engine_route.py; template_hint:dual_lane_router.py; template_hint:museum_chrono_all_pairs.json; unmapped_telegram
MID,0.6,FIRE_PLATINUM_APOSTAR,FIRE,FIRE PLATINUM APOSTAR AGORA,CODE|REGISTERED|TELEGRAM,True,True,True,False,60,2026-07-17 02:24:16,0,0,0,0,,⚡ PLATINUM — APOSTAR AGORA,era 6; code:skin_families.py
MID,0.52,RESULT_LOSS_PLATINUM,RESULT,RESULT_LOSS_PLATINUM,TELEGRAM_NAMED,False,False,True,False,52,2026-05-08 14:15:12,0,0,0,0,,❌ LOSS — PLATINUM,raw_named→RESULT_LOSS_TIER
MID,0.5,ONLINE_LUXURY_OUTBOX,ONLINE,ONLINE luxury outbox,CODE|REGISTERED|TELEGRAM,True,True,True,False,50,2026-07-21 04:12:36,0,0,0,0,,LUXURY OUTBOX ONLINE,era 6; code:skin_census.py; template_hint:skin_census.py; code:skin_families.py; template_hint:skin_families.py; template_hint:REPLIT_FINISH.sh; template_hint:REPLIT_COMMANDS.md; template_hint:REPLIT_TELEGRAM_UP.sh; code:TELEGRAM_CARD_ERAS.md; template_hint:TELEGRAM_CARD_ERAS.md; template_hint:telegram_outbox.py
MID,0.5,RESULT_EMPATE_PROTE_O_ATIVADA_TIE_COVER_HIT,RESULT,RESULT_EMPATE_PROTE_O_ATIVADA_TIE_COVER_HIT,TELEGRAM_NAMED,False,False,True,False,50,2026-04-21 08:42:57,0,0,0,0,,🟡 EMPATE — PROTEÇÃO ATIVADA / TIE — COVER HIT 🟡,raw_named→RESULT_EMPATE
BASEMENT,130.03,SIGNAL_KIND_EMERGING,FIRE,SIGNAL_KIND_EMERGING,CODE|DB,True,False,False,True,0,,3,3,3,3,2026-07-17 01:41:12,,code:skin_census.py; code:skin_families.py; code:TELEGRAM_CARD_ERAS.md; code:REPLIT_TELEGRAM_TYPE_ARCHAEOLOGY.sh; code:test_telegram_skin_families.py; db_kind=EMERGING
BASEMENT,110.06,FIRE_ULTRA_TIE,FIRE,FIRE ULTRA TIE,CODE|DB|REGISTERED|TELEGRAM,True,True,True,True,6,2026-03-22 00:06:34,1,1,1,1,2026-07-17 01:33:54,🟡 ULTRA TIE — EMPATE CONFIRMADO,era 2; code:skin_census.py; code:skin_families.py; template_hint:skin_families.py; code:TELEGRAM_CARD_ERAS.md; template_hint:TELEGRAM_CARD_ERAS.md; code:REPLIT_TELEGRAM_TYPE_ARCHAEOLOGY.sh; template_hint:REPLIT_TELEGRAM_TYPE_ARCHAEOLOGY.sh; template_hint:timing_presence_catalog.json; db_kind=ULTRA_TIE
BASEMENT,110.01,SIGNAL_KIND_ULTRA_TIE,FIRE,SIGNAL_KIND_ULTRA_TIE,CODE|DB,True,False,False,True,0,,1,1,1,1,2026-07-17 01:33:54,,code:skin_census.py; code:skin_families.py; code:TELEGRAM_CARD_ERAS.md; code:REPLIT_TELEGRAM_TYPE_ARCHAEOLOGY.sh; code:REPLIT_SIGNAL_TYPE_CENSUS.sh; db_kind=ULTRA_TIE
BASEMENT,0.34,RESULT_LOSS_G1_FALHOU,RESULT,RESULT_LOSS_G1_FALHOU,TELEGRAM_NAMED,False,False,True,False,34,2026-03-20 09:14:49,0,0,0,0,,❌ LOSS — G1 FALHOU,raw_named→RESULT_LOSS_TIER
BASEMENT,0.31,FIRE_GOLDEN_APOSTAR,FIRE,FIRE GOLDEN APOSTAR AGORA,CODE|REGISTERED|TELEGRAM,True,True,True,False,31,2026-07-15 13:35:41,0,0,0,0,,⚡ GOLDEN — APOSTAR AGORA,era 6; code:skin_families.py
BASEMENT,0.21,RESULT_EMPATE_PLATINUM,RESULT,RESULT_EMPATE_PLATINUM,TELEGRAM_NAMED,False,False,True,False,21,2026-05-08 18:10:38,0,0,0,0,,🟡 EMPATE — PLATINUM,raw_named→RESULT_EMPATE
BASEMENT,0.2,OPS_WEBWATCHDOG_API_SERVER_OFFLINE_5_MIN,OPS,OPS_WEBWATCHDOG_API_SERVER_OFFLINE_5_MIN,TELEGRAM_UNMAPPED,False,False,True,False,20,2026-05-30 10:55:58,0,0,0,0,,⚠️ [WebWatchdog] API server offline >5 min,unmapped_telegram
BASEMENT,0.14,RESULT_FLASH_WIN,RESULT,RESULT FLASH WIN,CODE|REGISTERED|TELEGRAM,True,True,True,False,14,2026-05-09 14:33:26,0,0,0,0,,✅ WIN — FLASH,era 4; code:skin_families.py
BASEMENT,0.14,RESULT_WIN_FLASH,RESULT,RESULT_WIN_FLASH,TELEGRAM_NAMED,False,False,True,False,14,2026-05-09 14:33:26,0,0,0,0,,✅ WIN — FLASH,raw_named→RESULT_FLASH_WIN
BASEMENT,0.13,FIRE_CONFIRMED_ENTER,FIRE,FIRE confirmed ENTER NOW,CODE|REGISTERED|TELEGRAM,True,True,True,False,13,2026-03-19 21:51:34,0,0,0,0,,🏆 SIGNAL CONFIRMED — ENTER NOW 🏆,era 1; code:skin_census.py; code:skin_families.py; template_hint:skin_families.py; template_hint:TEMPLATE_CENSUS.md; code:TELEGRAM_CARD_ERAS.md; template_hint:TELEGRAM_CARD_ERAS.md; template_hint:REPLIT_TELEGRAM_TYPE_ARCHAEOLOGY.sh; template_hint:museum_first5_fire_result.json
BASEMENT,0.13,FIRE_SIGNAL_CONFIRMED_ENTER_NOW,FIRE,FIRE_SIGNAL_CONFIRMED_ENTER_NOW,CODE|TELEGRAM_NAMED,True,False,True,False,13,2026-03-19 21:51:34,0,0,0,0,,🏆 SIGNAL CONFIRMED — ENTER NOW 🏆,code:REPLIT_TELEGRAM_TYPE_ARCHAEOLOGY.sh; raw_named→FIRE_CONFIRMED_ENTER
BASEMENT,0.12,RESULT_COMPACT_TIE_HASH,RESULT,COMPACT TIE #,CODE|REGISTERED|TELEGRAM,True,True,True,False,12,2026-07-05 17:48:03,0,0,0,0,,➖ TIE #51257 G0,era 5; code:skin_families.py
BASEMENT,0.07,OPS_AUTOINTELLIGENCE_2026_05_24_11_33_UTC,OPS,OPS_AUTOINTELLIGENCE_2026_05_24_11_33_UTC,TELEGRAM_UNMAPPED,False,False,True,False,7,2026-05-24 11:43:13,0,0,0,0,,🧠 *AutoIntelligence* — 2026-05-24 11:33 UTC,unmapped_telegram
BASEMENT,0.04,FIRE_SEQUENCIA_ENTER_NOW,FIRE,FIRE SEQUência ENTER NOW,CODE|REGISTERED|TELEGRAM,True,True,True,False,4,2026-07-28 23:10:01,0,0,0,0,,🔥 SEQUência — ENTER NOW 🔥,era 6; code:skin_families.py; code:TELEGRAM_CARD_ERAS.md
BASEMENT,0.02,RESULT_LOSS_G2_FALHOU,RESULT,RESULT_LOSS_G2_FALHOU,TELEGRAM_NAMED,False,False,True,False,2,2026-06-19 09:13:18,0,0,0,0,,❌ LOSS — G2 FALHOU,raw_named→RESULT_LOSS_TIER
BASEMENT,0.02,RESULT_WIN_SOLO_ELITE_1128,RESULT,RESULT_WIN_SOLO_ELITE_1128,TELEGRAM_NAMED,False,False,True,False,2,2026-07-17 02:18:20,0,0,0,0,,✅ WIN — SOLO ELITE #1128,raw_named→RESULT_WIN_TIER
BASEMENT,0.01,RESULT_EMPATE_PROTE_O_COBRIU_06_40_07,RESULT,RESULT_EMPATE_PROTE_O_COBRIU_06_40_07,TELEGRAM_NAMED,False,False,True,False,1,2026-05-11 10:40:07,0,0,0,0,,🟡 EMPATE — proteção cobriu  ·  06:40:07,raw_named→RESULT_EMPATE
BASEMENT,0.01,RESULT_EMPATE_PROTE_O_COBRIU_07_02_16,RESULT,RESULT_EMPATE_PROTE_O_COBRIU_07_02_16,TELEGRAM_NAMED,False,False,True,False,1,2026-05-11 11:02:23,0,0,0,0,,🟡 EMPATE — Proteção cobriu!  ·  07:02:16,raw_named→RESULT_EMPATE
BASEMENT,0.01,RESULT_EMPATE_PROTE_O_COBRIU_07_04_21,RESULT,RESULT_EMPATE_PROTE_O_COBRIU_07_04_21,TELEGRAM_NAMED,False,False,True,False,1,2026-05-11 11:04:21,0,0,0,0,,🟡 EMPATE — Proteção cobriu!  ·  07:04:21,raw_named→RESULT_EMPATE
BASEMENT,0.01,RESULT_EMPATE_PROTE_O_COBRIU_07_07_04,RESULT,RESULT_EMPATE_PROTE_O_COBRIU_07_07_04,TELEGRAM_NAMED,False,False,True,False,1,2026-05-11 11:07:04,0,0,0,0,,🟡 EMPATE — Proteção cobriu!  ·  07:07:04,raw_named→RESULT_EMPATE
BASEMENT,0.01,RESULT_LOSS_SOLO_ELITE_1135,RESULT,RESULT_LOSS_SOLO_ELITE_1135,TELEGRAM_NAMED,False,False,True,False,1,2026-07-17 02:34:19,0,0,0,0,,❌ LOSS — SOLO ELITE #1135,raw_named→RESULT_LOSS_TIER
BASEMENT,0.01,RESULT_WIN_GOLDEN_1125,RESULT,RESULT_WIN_GOLDEN_1125,TELEGRAM_NAMED,False,False,True,False,1,2026-07-17 02:21:33,0,0,0,0,,✅ WIN — GOLDEN #1125,raw_named→RESULT_WIN_TIER
BASEMENT,0.01,RESULT_WIN_PLATINUM_1132,RESULT,RESULT_WIN_PLATINUM_1132,TELEGRAM_NAMED,False,False,True,False,1,2026-07-17 02:24:51,0,0,0,0,,✅ WIN — PLATINUM #1132,raw_named→RESULT_WIN_TIER
BASEMENT,0.01,RESULT_WIN_SOLO_ELITE_1126,RESULT,RESULT_WIN_SOLO_ELITE_1126,TELEGRAM_NAMED,False,False,True,False,1,2026-07-17 02:21:33,0,0,0,0,,✅ WIN — SOLO ELITE #1126,raw_named→RESULT_WIN_TIER
BASEMENT,0.01,RESULT_WIN_SOLO_ELITE_1133,RESULT,RESULT_WIN_SOLO_ELITE_1133,TELEGRAM_NAMED,False,False,True,False,1,2026-07-17 02:28:46,0,0,0,0,,✅ WIN — SOLO ELITE #1133,raw_named→RESULT_WIN_TIER
BASEMENT,0.01,RESULT_WIN_SOLO_ELITE_1134,RESULT,RESULT_WIN_SOLO_ELITE_1134,TELEGRAM_NAMED,False,False,True,False,1,2026-07-17 02:30:41,0,0,0,0,,✅ WIN — SOLO ELITE #1134,raw_named→RESULT_WIN_TIER
BASEMENT,0.01,RESULT_WIN_SOLO_ELITE_1138,RESULT,RESULT_WIN_SOLO_ELITE_1138,TELEGRAM_NAMED,False,False,True,False,1,2026-07-17 02:36:35,0,0,0,0,,✅ WIN — SOLO ELITE #1138,raw_named→RESULT_WIN_TIER
BASEMENT,0.01,RESULT_WIN_SOLO_ELITE_1139,RESULT,RESULT_WIN_SOLO_ELITE_1139,TELEGRAM_NAMED,False,False,True,False,1,2026-07-17 02:38:25,0,0,0,0,,✅ WIN — SOLO ELITE #1139,raw_named→RESULT_WIN_TIER
BASEMENT,0.01,RESULT_WIN_SOLO_ELITE_1140,RESULT,RESULT_WIN_SOLO_ELITE_1140,TELEGRAM_NAMED,False,False,True,False,1,2026-07-17 02:39:25,0,0,0,0,,✅ WIN — SOLO ELITE #1140,raw_named→RESULT_WIN_TIER
CREATED_ONLY,0.0,CD_FIRE_DO_NOT_BET_PASSED,FIRE,CD_FIRE_DO_NOT_BET_PASSED,CODE,True,False,False,False,0,,0,0,0,0,,,code:PROFITABLE_CARD_TYPES.md; code:PROFIT_MAX_MODEL.md; code:luxury_building_stack.py; code:luxury_building_stack.json
CREATED_ONLY,0.0,CD_FIRE_MULTI_ALARM,FIRE,CD_FIRE_MULTI_ALARM,CODE,True,False,False,False,0,,0,0,0,0,,,code:PROFITABLE_CARD_TYPES.md
CREATED_ONLY,0.0,CD_FIRE_QUANTUM,FIRE,CD_FIRE_QUANTUM,CODE,True,False,False,False,0,,0,0,0,0,,,code:REPLIT_TELEGRAM_TYPE_ARCHAEOLOGY.sh
CREATED_ONLY,0.0,CD_FIRE_TIMER,FIRE,CD_FIRE_TIMER,CODE,True,False,False,False,0,,0,0,0,0,,,code:PROFITABLE_CARD_TYPES.md; code:REPLIT_SIGNAL_TAXONOMY_TREE.sh; code:dual_lane_router.py
CREATED_ONLY,0.0,CD_RES_BELL_PERDEU,RESULT,CD_RES_BELL_PERDEU,CODE,True,False,False,False,0,,0,0,0,0,,,code:PROFITABLE_CARD_TYPES.md
CREATED_ONLY,0.0,CD_RES_FORENSIC_INTERVALO,RESULT,CD_RES_FORENSIC_INTERVALO,CODE,True,False,False,False,0,,0,0,0,0,,,code:PROFITABLE_CARD_TYPES.md
CREATED_ONLY,0.0,COALITION,UNKNOWN,COALITION,CODE,True,False,False,False,0,,0,0,0,0,,,code:skin_census.py; code:SYSTEM_COMPLETE_MAP.md; code:telegram_outbox.py; code:window_packer.py; code:dual_lane_router.py; code:hub_dispatch.py; code:fire_origin.py
CREATED_ONLY,0.0,CONSENSUS,UNKNOWN,CONSENSUS,CODE,True,False,False,False,0,,0,0,0,0,,,code:skin_census.py; code:dual_lane_router.py
CREATED_ONLY,0.0,COUNTDOWN_RESULT,RESULT,COUNTDOWN_RESULT,CODE,True,False,False,False,0,,0,0,0,0,,,code:skin_census.py; code:PROFITABLE_CARD_TYPES.md
CREATED_ONLY,0.0,COUNTDOWN_SIGNAL_FIRE,FIRE,COUNTDOWN_SIGNAL_FIRE,CODE,True,False,False,False,0,,0,0,0,0,,,code:skin_census.py; code:PROFITABLE_CARD_TYPES.md; code:dual_lane_router.py
CREATED_ONLY,0.0,EMERGINDO,UNKNOWN,EMERGINDO,CODE,True,False,False,False,0,,0,0,0,0,,,code:skin_census.py; code:REPLIT_TELEGRAM_TYPE_ARCHAEOLOGY.sh; code:REPLIT_SIGNAL_TYPE_CENSUS.sh; code:timing_presence_catalog.json
CREATED_ONLY,0.0,FIRE_APOSTAR_AGORA_FAMILY,FIRE,FIRE_APOSTAR_AGORA_FAMILY,CODE,True,False,False,False,0,,0,0,0,0,,,code:skin_census.py; template_hint:skin_census.py; template_hint:skin_families.py; template_hint:PROFITABLE_CARD_TYPES.md; template_hint:TELEGRAM_CARD_ERAS.md; template_hint:dual_lane_router.py; template_hint:test_telegram_skin_families.py
CREATED_ONLY,0.0,FIRE_COLOR_G0,FIRE,FIRE_COLOR_G0,CODE,True,False,False,False,0,,0,0,0,0,,,code:README_ELITE_STACK_PATCH.md; code:edge_whitelist_engine.py; code:elite_stack_audit.py; code:tri_brain_score.py; code:edge_whitelist_engine.json; code:tri_brain_report.json
CREATED_ONLY,0.0,FIRE_EMERGING,FIRE,FIRE_EMERGING,CODE,True,False,False,False,0,,0,0,0,0,,,code:REPLIT_TELEGRAM_TYPE_ARCHAEOLOGY.sh
CREATED_ONLY,0.0,FIRE_ENTER_NOW_N_ROOMS,FIRE,FIRE_ENTER_NOW_N_ROOMS,CODE,True,False,False,False,0,,0,0,0,0,,,code:REPLIT_TELEGRAM_TYPE_ARCHAEOLOGY.sh
CREATED_ONLY,0.0,FIRE_FLASH,FIRE,FIRE_FLASH,CODE,True,False,False,False,0,,0,0,0,0,,,code:REPLIT_TELEGRAM_TYPE_ARCHAEOLOGY.sh
CREATED_ONLY,0.0,FIRE_GOLDEN,FIRE,FIRE_GOLDEN,CODE,True,False,False,False,0,,0,0,0,0,,,code:PROFITABLE_CARD_TYPES.md; code:TEMPLATE_CENSUS.md; code:luxury_building_stack.py; code:luxury_building_stack.json
CREATED_ONLY,0.0,FIRE_JANELA_11S_SOLO_ELITE,FIRE,FIRE_JANELA_11S_SOLO_ELITE,CODE,True,False,False,False,0,,0,0,0,0,,,code:REPLIT_TELEGRAM_TYPE_ARCHAEOLOGY.sh; code:test_skin_census.py
CREATED_ONLY,0.0,FIRE_JANELA_17S_GOLDEN,FIRE,FIRE_JANELA_17S_GOLDEN,CODE,True,False,False,False,0,,0,0,0,0,,,code:test_skin_census.py
CREATED_ONLY,0.0,FIRE_JANELA_1S_SEQUENCE,FIRE,FIRE_JANELA_1S_SEQUENCE,CODE,True,False,False,False,0,,0,0,0,0,,,code:REPLIT_TELEGRAM_TYPE_ARCHAEOLOGY.sh
CREATED_ONLY,0.0,FIRE_SEQUENCIA_STREAK,FIRE,FIRE_SEQUENCIA_STREAK,CODE,True,False,False,False,0,,0,0,0,0,,,code:PROFITABLE_CARD_TYPES.md; code:luxury_building_stack.py; code:luxury_building_stack.json
CREATED_ONLY,0.0,FIRE_SINAL_RETIDO,FIRE,FIRE_SINAL_RETIDO,CODE,True,False,False,False,0,,0,0,0,0,,,code:PROFITABLE_CARD_TYPES.md; code:luxury_building_stack.py; code:luxury_building_stack.json
CREATED_ONLY,0.0,FIRE_SOLO_ELITE,FIRE,FIRE_SOLO_ELITE,CODE,True,False,False,False,0,,0,0,0,0,,,code:PROFITABLE_CARD_TYPES.md
CREATED_ONLY,0.0,FIRE_THRESHOLD,FIRE,FIRE_THRESHOLD,CODE,True,False,False,False,0,,0,0,0,0,,,code:omni_score.py
CREATED_ONLY,0.0,NORMAL_RESULT,RESULT,NORMAL_RESULT,CODE,True,False,False,False,0,,0,0,0,0,,,code:skin_census.py; code:PROFITABLE_CARD_TYPES.md; code:LUXURY_GOAL.md; code:PROFIT_MAX_MODEL.md; code:dual_lane_router.py
CREATED_ONLY,0.0,NORMAL_SIGNAL_FIRE,FIRE,NORMAL_SIGNAL_FIRE,CODE,True,False,False,False,0,,0,0,0,0,,,code:skin_census.py; code:PROFITABLE_CARD_TYPES.md
CREATED_ONLY,0.0,OPS_AUTO_QUARANTINE_X,OPS,OPS_AUTO_QUARANTINE_X,CODE,True,False,False,False,0,,0,0,0,0,,,code:test_skin_census.py
CREATED_ONLY,0.0,OPS_MANUAL_RESULT,RESULT,OPS_MANUAL_RESULT,CODE,True,False,False,False,0,,0,0,0,0,,,code:skin_census.py
CREATED_ONLY,0.0,ORACLE,UNKNOWN,ORACLE,CODE,True,False,False,False,0,,0,0,0,0,,,code:skin_census.py; code:TEMPLATE_CENSUS.md; code:timing_presence_catalog.json
CREATED_ONLY,0.0,RESULT_BANNER_TIE_FOO,RESULT,RESULT_BANNER_TIE_FOO,CODE,True,False,False,False,0,,0,0,0,0,,,code:test_skin_census.py
CREATED_ONLY,0.0,RESULT_FORENSIC_INTERVALO,RESULT,RESULT_FORENSIC_INTERVALO,CODE,True,False,False,False,0,,0,0,0,0,,,code:skin_census.py; template_hint:skin_census.py; template_hint:CARD_TEMPLATE_TAXONOMY.md; template_hint:TEMPLATE_CENSUS.md; code:REPLIT_TELEGRAM_TYPE_ARCHAEOLOGY.sh; template_hint:REPLIT_TELEGRAM_TYPE_ARCHAEOLOGY.sh; template_hint:TIMING_CLOCKS.md; template_hint:telegram_outbox.py; template_hint:hub_engine_route.py; template_hint:fallback_result_sender.py; template_hint:dual_lane_router.py; template_hint:timing_presence_catalog.json
CREATED_ONLY,0.0,RESULT_LOOKBACK_HOURS,RESULT,RESULT_LOOKBACK_HOURS,CODE,True,False,False,False,0,,0,0,0,0,,,code:telegram_outbox.py
CREATED_ONLY,0.0,RESULT_ORACLE_CARD,RESULT,RESULT_ORACLE_CARD,CODE,True,False,False,False,0,,0,0,0,0,,,code:skin_census.py; template_hint:skin_census.py; template_hint:TEMPLATE_CENSUS.md; template_hint:timing_presence_catalog.json
CREATED_ONLY,0.0,RESULT_TRUTH,RESULT,RESULT_TRUTH,CODE,True,False,False,False,0,,0,0,0,0,,,code:profit_organism.py; code:profit_organism_report.json
CREATED_ONLY,0.0,RES_AUTO_LOSS,RESULT,RES_AUTO_LOSS,CODE,True,False,False,False,0,,0,0,0,0,,,code:luxury_building_stack.py; code:luxury_building_stack.json
CREATED_ONLY,0.0,RES_AUTO_TIE,RESULT,RES_AUTO_TIE,CODE,True,False,False,False,0,,0,0,0,0,,,code:luxury_building_stack.py; code:luxury_building_stack.json
CREATED_ONLY,0.0,RES_AUTO_WIN,RESULT,RES_AUTO_WIN,CODE,True,False,False,False,0,,0,0,0,0,,,code:PROFITABLE_CARD_TYPES.md; code:luxury_building_stack.py; code:luxury_building_stack.json
CREATED_ONLY,0.0,RES_G2_MISS_STOP,RESULT,RES_G2_MISS_STOP,CODE,True,False,False,False,0,,0,0,0,0,,,code:PROFITABLE_CARD_TYPES.md
CREATED_ONLY,0.0,RES_GREEN_G0,RESULT,RES_GREEN_G0,CODE,True,False,False,False,0,,0,0,0,0,,,code:PROFITABLE_CARD_TYPES.md; code:TEMPLATE_CENSUS.md; code:luxury_building_stack.py; code:luxury_building_stack.json
CREATED_ONLY,0.0,RES_GREEN_G1,RESULT,RES_GREEN_G1,CODE,True,False,False,False,0,,0,0,0,0,,,code:PROFITABLE_CARD_TYPES.md
CREATED_ONLY,0.0,RES_LOSS_KIND,RESULT,RES_LOSS_KIND,CODE,True,False,False,False,0,,0,0,0,0,,,code:PROFITABLE_CARD_TYPES.md; code:luxury_building_stack.py; code:luxury_building_stack.json
CREATED_ONLY,0.0,RES_ORACLE_CARD,RESULT,RES_ORACLE_CARD,CODE,True,False,False,False,0,,0,0,0,0,,,code:PROFITABLE_CARD_TYPES.md
CREATED_ONLY,0.0,RES_STATE,RESULT,RES_STATE,CODE,True,False,False,False,0,,0,0,0,0,,,code:telegram_outbox.py
CREATED_ONLY,0.0,RES_WIN_KIND,RESULT,RES_WIN_KIND,CODE,True,False,False,False,0,,0,0,0,0,,,code:PROFITABLE_CARD_TYPES.md; code:TEMPLATE_CENSUS.md; code:luxury_building_stack.py; code:luxury_building_stack.json
NOISE,50.0,ROOM_RELAY,ROOM_RELAY,Room relay / placar,REGISTERED|TELEGRAM,True,True,True,False,293992,2026-03-19 21:46:17,0,0,0,0,,📡 @room …,High-volume noise class
NOISE,50.0,RESULT_BANNER_FAMILY,RESULT,RESULT_BANNER_FAMILY,CODE|TELEGRAM,True,False,True,False,40760,2026-03-20 10:54:59,0,0,0,0,,🟡🟡 EMPATE — PROTEÇÃO ATIVADA 🟡🟡,code:skin_census.py; code:test_skin_census.py; collapsed_banner
NOISE,50.0,OPS_MANUAL_RESULT_HINT,RESULT,OPS_MANUAL_RESULT_HINT,CODE|TELEGRAM_UNMAPPED,True,False,True,False,11474,2026-03-19 22:54:09,0,0,0,0,,📊 SEQUENCE PREDICTION,code:skin_census.py; code:REPLIT_TELEGRAM_TYPE_ARCHAEOLOGY.sh; unmapped_telegram
NOISE,50.0,OPS_ROOM_QUARANTINE,OPS,OPS_ROOM_QUARANTINE,CODE|TELEGRAM,True,False,True,False,7541,2026-03-22 20:21:46,0,0,0,0,,🔒 Auto-quarantine: @rqdados muted for 2h after 5 consecutive losses. Use /unmute to release early.,code:skin_census.py; code:test_skin_census.py; collapsed_quarantine
NOISE,32.65,OPS_DELIVERY_AUDIT,OPS,OPS_DELIVERY_AUDIT,CODE|TELEGRAM,True,False,True,False,3265,2026-05-07 16:17:28,0,0,0,0,,🚨 [DELIVERY AUDIT] 2 CRITICAL issue(s),code:skin_census.py; collapsed_delivery_audit
NOISE,12.01,OPS_GATE_HEALTH_DUMP,OPS,OPS_GATE_HEALTH_DUMP,CODE|TELEGRAM,True,False,True,False,1201,2026-05-02 15:14:46,0,0,0,0,,🔴 [dynamic_threshold_bad_hour  ] saved=294 blocked_wins=297 net=-3 (49.7% prevent),code:skin_census.py; collapsed_gate_dump
